index,neighborhood_group,geography_type,total_pop,black_alone_pop,white_alone_pop,asian_alone_pop,other_single_race_alone_pop,two_or_more_race_pop,black_alone_share,white_alone_share,asian_alone_share,other_single_race_alone_share,two_or_more_race_share,group_quarters_pop,group_quarters_share,hispanic_pop,hispanic_share,pop_under_18,pop_age_18_24,pop_age_25_44,pop_age_45_64,pop_age_65_plus,share_under_18,share_age_18_24,share_age_25_44,share_age_45_64,share_age_65_plus,pop_age_3_plus,enrolled_k12_pop,enrolled_undergrad_or_grad_pop,enrolled_undergrad_pop,enrolled_grad_pop,enrolled_k12_share_of_3plus,enrolled_undergrad_or_grad_share_of_3plus,enrolled_undergrad_share_of_3plus,enrolled_grad_share_of_3plus,foreign_born_pop,foreign_born_share,pop_1yr_and_older,different_house_1yr_ago_pop,lived_outside_msa_1yr_ago_pop,lived_abroad_1yr_ago_pop,different_house_1yr_ago_share,lived_outside_msa_1yr_ago_share,lived_abroad_1yr_ago_share,households_total,households_families,households_married_couple_family,households_other_family,households_male_no_spouse,households_female_no_spouse,households_nonfamily,households_living_alone,households_not_living_alone,share_households_families,share_households_married_couple_family,share_households_other_family,share_households_male_no_spouse,share_households_female_no_spouse,share_households_nonfamily,share_households_living_alone,share_households_not_living_alone,housing_units_total,housing_units_occupied,housing_units_vacant,share_housing_occupied,share_housing_vacant,occupied_housing_units_total,owner_occupied_housing_units,renter_occupied_housing_units,share_owner_occupied,share_renter_occupied,pop_16_plus,labor_force_pop,civilian_labor_force_pop,employed_pop,unemployed_pop,armed_forces_pop,not_in_labor_force_pop,share_in_labor_force,share_civilian_labor_force,share_employed,share_unemployed,share_armed_forces,share_not_in_labor_force,poverty_status_determined_pop,pop_below_50pct_poverty_threshold,pop_below_100pct_poverty_threshold,share_below_50pct_poverty_threshold,share_below_100pct_poverty_threshold,pop_25_plus,educ_less_than_hs_pop,educ_hs_grad_includes_ged_pop,educ_some_college_includes_assoc_pop,educ_bachelors_or_higher_pop,share_less_than_hs,share_hs_grad_includes_ged,share_some_college_includes_assoc,share_bachelors_or_higher,workers_16_plus,commute_car_truck_van_pop,commute_public_transit_pop,commute_bicycle_pop,commute_walked_pop,commute_other_modes_pop,commute_worked_from_home_pop,share_commute_car_truck_van,share_commute_public_transit,share_commute_bicycle,share_commute_walked,share_commute_other_modes,share_commute_worked_from_home,income_households_total,hh_income_under_25k,hh_income_25k_to_49k,hh_income_50k_to_74k,hh_income_75k_to_99k,hh_income_100k_to_199k,hh_income_200k_plus,share_hh_income_under_25k,share_hh_income_25k_to_49k,share_hh_income_50k_to_74k,share_hh_income_75k_to_99k,share_hh_income_100k_to_199k,share_hh_income_200k_plus,veterans_total,veterans_gulf_war_2001_later,veterans_gulf_war_1990_2001,veterans_vietnam_era,veterans_korean_war,veterans_world_war_ii,veterans_other_periods,share_veterans_gulf_war_2001_later,share_veterans_gulf_war_1990_2001,share_veterans_vietnam_era,share_veterans_korean_war,share_veterans_world_war_ii,share_veterans_other_periods
1,United States,region,331097593,218123424,41288572,19112979,23429838,29142780,0.658788915,0.124702121,0.057726119,0.070764145,0.088018701,8103291,0.024474026,61755866,0.18651862,73213705,31282896,88198512,83664832,54737648,0.221124244,0.094482402,0.26638222,0.252689339,0.165321794,320051509,58439755,21985950,17479826,4506124,0.182594843,0.068695036,0.054615665,0.014079371,45281071,0.136760496,282695564,35876584,12954900,1691028,0.126908903,0.045826329,0.005981799,125736353,81432908,59760581,21672327,6298607,15373720,44303445,35550232,8753213,0.647648083,0.475284829,0.172363254,0.050093762,0.122269492,0.352351917,0.282736306,0.069615611,140943613,125736353,15207260,0.892103944,0.107896056,125736353,81497760,44238593,0.648163861,0.351836139,266411973,169093585,167857207,158913204,8944003,1236378,97318388,0.634707153,0.630066303,0.596494227,0.033572076,0.00464085,0.365292847,323275448,18860708,40521584,0.058342531,0.125346927,226600992,24599698,59741825,64508122,77751347,0.108559534,0.263643263,0.284677139,0.343120065,156703623,125702784,5945723,722251,3807792,2208388,18316685,0.802168971,0.037942473,0.004609026,0.024299323,0.014092769,0.116887438,125736353,19758878,22773348,20228418,16085302,32542320,14348087,0.157145309,0.181119839,0.16087963,0.12792881,0.258813933,0.114112479,17038807,3986068,2565227,5533164,915253,265447,3773648,0.233940557,0.150552031,0.324738933,0.053715791,0.015578966,0.221473722
2,Pittsburgh MSA,region,2451408,2080442,195367,61461,19261,94877,0.848672273,0.079695832,0.025071714,0.007857117,0.038703064,64105,0.026150278,48445,0.019762112,461186,205051,617682,660247,507242,0.188131066,0.083646215,0.251970296,0.269333787,0.206918636,2381007,370212,143477,108831,34646,0.155485473,0.060258958,0.045707971,0.014550986,98898,0.040343346,2343167,256213,70764,8655,0.109344746,0.030200152,0.003693719,1056176,625884,479120,146764,41626,105138,430292,359681,70611,0.592594416,0.453636515,0.138957901,0.039411992,0.099545909,0.407405584,0.340550249,0.066855335,1166355,1056176,110179,0.905535622,0.094464378,1056176,743046,313130,0.703524791,0.296475209,2045162,1281531,1279971,1214152,65819,1560,763631,0.626615887,0.625853111,0.59367033,0.032182781,0.000762776,0.373384113,2390318,124768,257025,0.052197239,0.107527534,1785171,95228,566231,470041,653671,0.053343909,0.317185861,0.263303067,0.366167163,1191121,935977,48042,2586,36061,12078,156377,0.785795062,0.040333434,0.002171064,0.030274842,0.010140028,0.13128557,1056176,178194,203580,173656,134848,268020,97878,0.168716199,0.192751966,0.164419566,0.12767569,0.253764524,0.092672055,140255,21630,16841,51369,11041,3793,35581,0.154219101,0.120074151,0.366254322,0.078720901,0.027043599,0.253687926
3,Allegheny County,region,1245310,969070,158051,50929,12098,55162,0.778175715,0.126916993,0.040896644,0.00971485,0.044295798,35074,0.028164875,29272,0.023505794,231388,111192,343533,316723,242474,0.18580755,0.089288611,0.275861432,0.254332656,0.194709751,1207996,183121,89420,64710,24710,0.151590734,0.074023424,0.053568058,0.020455366,77098,0.061910689,1232528,153968,47716,6862,0.124920489,0.038713928,0.005567419,545637,302324,225854,76470,20343,56127,243313,200673,42640,0.554075328,0.413927208,0.14014812,0.037283029,0.102865092,0.445924672,0.367777478,0.078147193,602734,545637,57097,0.905269986,0.094730014,545637,354956,190681,0.650535063,0.349464937,1040488,674344,673356,640039,33317,988,366144,0.648103582,0.647154028,0.615133476,0.032020552,0.000949554,0.351896418,1212023,69136,134587,0.057041822,0.111043272,902730,43015,233029,230978,395708,0.047649906,0.258138092,0.255866095,0.438345906,627652,451795,43098,2367,24318,6866,99208,0.71981767,0.068665439,0.003771198,0.0387444,0.010939183,0.158062111,545637,91365,101800,87260,67073,139444,58695,0.167446489,0.186570925,0.159923172,0.122926048,0.255561848,0.107571517,63133,9298,7249,22589,5585,1793,16619,0.147276385,0.114821092,0.3578002,0.088464036,0.028400361,0.263237926
4,Pittsburgh MSA outside of Allegheny County,region,1206098,1111372,37316,10532,7163,39715,0.921460777,0.030939443,0.008732292,0.005938987,0.032928502,29031,0.024070183,19173,0.015896718,229798,93859,274149,343524,264768,0.190530123,0.077820376,0.227302425,0.284822626,0.21952445,1173011,187091,54057,44121,9936,0.159496373,0.046083967,0.037613458,0.008470509,21800,0.018074816,1110639,102245,23048,1793,0.092059616,0.020752018,0.001614386,510539,323560,253266,70294,21283,49011,186979,159008,27971,0.633761574,0.496075716,0.137685857,0.041687315,0.095998543,0.366238426,0.311451231,0.054787195,563621,510539,53082,0.905819691,0.094180309,510539,388090,122449,0.760157402,0.239842598,1004674,607187,606615,574113,32502,572,397487,0.604362211,0.603792872,0.57144208,0.032350792,0.000569339,0.395637789,1178295,55632,122438,0.047213983,0.10391116,882441,52213,333202,239063,257963,0.059168828,0.37759125,0.27091103,0.292328892,563469,484182,4944,219,11743,5212,57169,0.859287734,0.008774218,0.000388664,0.020840543,0.009249843,0.101458998,510539,86829,101780,86396,67775,128576,39183,0.170073197,0.199357933,0.169225074,0.132751856,0.25184364,0.076748299,77122,12332,9592,28780,5456,2000,18962,0.159902492,0.124374368,0.37317497,0.070745053,0.025932937,0.24587018
5,City of Pittsburgh,region,303843,195864,70584,17037,4231,16127,0.644622387,0.232304183,0.056071721,0.013924955,0.053076753,23357,0.076871937,11074,0.036446454,44315,51570,100229,61913,45816,0.145848349,0.169725812,0.329871019,0.203766419,0.150788401,295677,33965,48626,35272,13354,0.114871972,0.164456485,0.119292336,0.045164149,27319,0.089911566,300989,59951,25989,3474,0.199180036,0.086345348,0.01154195,137226,57487,37058,20429,4561,15868,79739,61012,18727,0.41892207,0.270050865,0.148871205,0.033237142,0.115634064,0.58107793,0.444609622,0.136468308,157943,137226,20717,0.868832427,0.131167573,137226,64984,72242,0.473554574,0.526445426,264227,170016,169716,160114,9602,300,94211,0.643446733,0.642311346,0.605971381,0.036339965,0.001135387,0.356553267,281540,28714,54691,0.10198906,0.194256589,207958,12706,51041,46992,97219,0.061098876,0.245438983,0.225968705,0.467493436,155863,87386,20814,1853,16143,2329,27338,0.56065904,0.133540353,0.011888646,0.103571726,0.01494261,0.175397625,137226,32351,26811,21970,15980,28629,11485,0.235749785,0.195378427,0.160100856,0.116450235,0.208626645,0.083694052,12268,1828,1372,4541,1004,248,3275,0.149005543,0.11183567,0.370149984,0.081838931,0.020215194,0.266954679
6,Allegheny County outside of the City of Pittsburgh,region,941467,773206,87467,33892,7867,39035,0.821277857,0.092905009,0.035999138,0.008356108,0.041461889,11717,0.012445471,18198,0.019329408,187073,59622,243304,254810,196658,0.198703725,0.063328826,0.258430726,0.270652078,0.208884645,912319,149156,40794,29438,11356,0.16349106,0.044714623,0.032267222,0.012447401,49779,0.052873866,931539,94017,21727,3388,0.100926531,0.023323769,0.003636992,408411,244837,188796,56041,15782,40259,163574,139661,23913,0.599486791,0.462269625,0.137217166,0.038642446,0.09857472,0.400513209,0.341961896,0.058551312,444791,408411,36380,0.918208777,0.081791223,408411,289972,118439,0.710000465,0.289999535,776261,504328,503640,479925,23715,688,271933,0.6496887,0.6488024,0.618252109,0.030550292,0.0008863,0.3503113,930483,40422,79896,0.043441954,0.085865083,694772,30309,181988,183986,298489,0.043624383,0.261939169,0.264814932,0.429621516,471789,364409,22284,514,8175,4537,71870,0.772398254,0.047232979,0.00108947,0.017327661,0.009616587,0.152335048,408411,59014,74989,65290,51093,110815,47210,0.144496598,0.183611607,0.159863471,0.125101919,0.271332065,0.11559434,50865,7470,5877,18048,4581,1545,13344,0.146859334,0.115541138,0.354821587,0.090061929,0.030374521,0.262341492
7,Allegheny Center-Allegheny West,neighborhood group,2133,1457,318,248,17,93,0.683075481,0.149085795,0.116268167,0.007969995,0.043600563,42,0.019690577,51,0.023909986,98,309,1114,352,260,0.045944679,0.144866385,0.522269105,0.165025785,0.121894046,2111,89,126,48,78,0.042160114,0.059687352,0.022738039,0.036949313,340,0.159399906,2133,584,226,11,0.27379278,0.105954055,0.005157056,1484,264,198,66,13,53,1220,1010,210,0.177897574,0.133423181,0.044474394,0.008760108,0.035714286,0.822102426,0.680592992,0.141509434,1629,1484,145,0.910988336,0.089011664,1484,178,1306,0.119946092,0.880053908,2039,1606,1606,1526,80,0,433,0.787641,0.787641,0.748406081,0.039234919,0,0.212359,2123,146,315,0.068770608,0.148374941,1726,55,180,266,1225,0.031865585,0.10428737,0.154113557,0.709733488,1520,586,126,0,385,7,416,0.385526316,0.082894737,0,0.253289474,0.004605263,0.273684211,1484,261,321,232,224,376,70,0.175876011,0.216307278,0.156334232,0.150943396,0.253369272,0.047169811,82,0,22,30,9,0,21,0,0.268292683,0.365853659,0.109756098,0,0.256097561
8,Allentown,neighborhood,1966,1071,779,0,102,14,0.544760936,0.396236012,0,0.051881994,0.007121058,27,0.013733469,91,0.046286877,235,194,762,509,266,0.119532045,0.098677518,0.387589013,0.258901322,0.135300102,1935,145,123,95,28,0.074935401,0.063565891,0.049095607,0.014470284,134,0.068158698,1952,342,41,0,0.175204918,0.021004098,0,970,386,158,228,111,117,584,419,165,0.397938144,0.162886598,0.235051546,0.11443299,0.120618557,0.602061856,0.431958763,0.170103093,1291,970,321,0.751355538,0.248644462,970,479,491,0.493814433,0.506185567,1784,1092,1092,1037,55,0,692,0.612107623,0.612107623,0.581278027,0.030829596,0,0.387892377,1966,109,490,0.055442523,0.24923703,1537,155,468,578,336,0.100845804,0.304489265,0.376057254,0.218607677,1014,536,240,0,74,0,164,0.528599606,0.236686391,0,0.072978304,0,0.1617357,970,299,274,240,14,120,23,0.308247423,0.282474227,0.24742268,0.01443299,0.12371134,0.02371134,56,8,0,48,0,0,0,0.142857143,0,0.857142857,0,0,0
9,Arlington - Arlington Heights - Mount Oliver(City Neighborhood) - St. Clair,neighborhood group,2902,1565,1119,0,0,218,0.539283253,0.385596141,0,0,0.075120606,0,0,11,0.003790489,707,265,975,633,322,0.243625086,0.091316334,0.33597519,0.218125431,0.11095796,2873,661,104,88,16,0.230073094,0.036199095,0.030630003,0.005569092,8,0.00275672,2902,282,76,0,0.097174363,0.026188835,0,1170,821,326,495,43,452,349,258,91,0.701709402,0.278632479,0.423076923,0.036752137,0.386324786,0.298290598,0.220512821,0.077777778,1336,1170,166,0.875748503,0.124251497,1170,562,608,0.48034188,0.51965812,2333,1605,1605,1374,231,0,728,0.687955422,0.687955422,0.588941277,0.099014145,0,0.312044578,2902,547,662,0.188490696,0.228118539,1930,96,897,661,276,0.049740933,0.464766839,0.342487047,0.143005181,1341,1022,142,0,0,12,165,0.762117823,0.105891126,0,0,0.008948546,0.123042506,1170,375,164,176,215,160,80,0.320512821,0.14017094,0.15042735,0.183760684,0.136752137,0.068376068,137,45,7,40,5,0,40,0.328467153,0.051094891,0.291970803,0.03649635,0,0.291970803
10,Banksville,neighborhood,3677,2567,579,317,5,209,0.69812347,0.157465325,0.086211586,0.001359804,0.056839815,143,0.0388904,26,0.007070982,562,167,1360,983,605,0.152841991,0.04541746,0.369866739,0.267337503,0.164536307,3572,284,127,36,91,0.079507279,0.035554311,0.010078387,0.025475924,421,0.114495513,3656,527,182,22,0.144146608,0.049781182,0.006017505,1797,825,597,228,53,175,972,682,290,0.459098497,0.332220367,0.12687813,0.0294936,0.09738453,0.540901503,0.379521425,0.161380078,2042,1797,245,0.880019589,0.119980411,1797,980,817,0.545353367,0.454646633,3133,2028,2028,1996,32,0,1105,0.647302905,0.647302905,0.637089052,0.010213853,0,0.352697095,3575,268,349,0.074965035,0.097622378,2948,132,760,626,1430,0.044776119,0.2578019,0.212347354,0.485074627,1968,1456,69,0,0,33,410,0.739837398,0.035060976,0,0,0.016768293,0.208333333,1797,246,259,464,285,401,142,0.136894825,0.144129104,0.258208125,0.158597663,0.223149694,0.07902059,243,16,17,45,4,17,144,0.065843621,0.069958848,0.185185185,0.016460905,0.069958848,0.592592593
11,Bedford Dwellings,neighborhood,1380,25,1245,0,53,57,0.018115942,0.902173913,0,0.038405797,0.041304348,0,0,84,0.060869565,460,150,274,260,236,0.333333333,0.108695652,0.198550725,0.188405797,0.171014493,1277,300,25,25,0,0.234925607,0.019577134,0.019577134,0,13,0.00942029,1337,70,22,13,0.052356021,0.016454749,0.009723261,738,359,26,333,61,272,379,379,0,0.486449864,0.035230352,0.451219512,0.082655827,0.368563686,0.513550136,0.513550136,0,779,738,41,0.947368421,0.052631579,738,23,715,0.031165312,0.968834688,935,379,379,307,72,0,556,0.405347594,0.405347594,0.328342246,0.077005348,0,0.594652406,1380,505,715,0.365942029,0.518115942,770,169,357,204,40,0.219480519,0.463636364,0.264935065,0.051948052,303,120,156,0,16,0,11,0.396039604,0.514851485,0,0.052805281,0,0.03630363,738,571,126,31,0,10,0,0.773712737,0.170731707,0.04200542,0,0.013550136,0,77,4,0,8,0,0,65,0.051948052,0,0.103896104,0,0,0.844155844
12,Beechview,neighborhood,7647,5749,1340,55,184,319,0.751798091,0.175232117,0.007192363,0.024061724,0.041715706,105,0.013730875,272,0.035569504,1292,584,2544,1735,1492,0.168955146,0.076369818,0.332679482,0.226886361,0.195109193,7508,1142,674,499,175,0.152104422,0.089770911,0.06646244,0.023308471,294,0.03844645,7619,1208,164,0,0.158550991,0.021525135,0,3296,1665,1077,588,252,336,1631,1200,431,0.505157767,0.326759709,0.178398058,0.076456311,0.101941748,0.494842233,0.36407767,0.130764563,3717,3296,421,0.886736616,0.113263384,3296,2202,1094,0.668082524,0.331917476,6566,4462,4462,4209,253,0,2104,0.679561377,0.679561377,0.641029546,0.038531831,0,0.320438623,7600,329,721,0.043289474,0.094868421,5771,381,1847,1809,1734,0.066019754,0.320048518,0.313463871,0.300467857,4112,3217,376,0,50,19,450,0.782344358,0.091439689,0,0.012159533,0.004620623,0.109435798,3296,476,732,619,594,753,122,0.144417476,0.222087379,0.187803398,0.180218447,0.228458738,0.037014563,303,76,63,98,6,0,60,0.250825083,0.207920792,0.323432343,0.01980198,0,0.198019802
13,Beltzhoover - Bon Air,neighborhood group,2955,1308,1250,0,339,58,0.442639594,0.423011844,0,0.114720812,0.01962775,0,0,364,0.123181049,928,176,770,715,366,0.314043993,0.059560068,0.260575296,0.241962775,0.123857868,2820,675,57,49,8,0.239361702,0.020212766,0.017375887,0.002836879,78,0.026395939,2856,406,21,0,0.142156863,0.007352941,0,1129,694,350,344,42,302,435,335,100,0.614703277,0.310008857,0.30469442,0.037201063,0.267493357,0.385296723,0.296722764,0.088573959,1298,1129,169,0.869799692,0.130200308,1129,730,399,0.646589903,0.353410097,2129,1453,1453,1410,43,0,676,0.682480038,0.682480038,0.662282762,0.020197276,0,0.317519962,2955,412,928,0.139424704,0.314043993,1851,141,816,424,470,0.076175041,0.440842788,0.22906537,0.253916802,1350,847,245,0,70,56,132,0.627407407,0.181481481,0,0.051851852,0.041481481,0.097777778,1129,276,338,130,183,194,8,0.244464128,0.299379982,0.115146147,0.162090345,0.171833481,0.007085917,183,0,0,59,9,0,115,0,0,0.322404372,0.049180328,0,0.628415301
14,Bloomfield,neighborhood,8916,7428,421,558,142,367,0.833109017,0.047218484,0.062584118,0.015926424,0.041161956,65,0.007290265,375,0.042059219,700,1032,4568,1496,1120,0.078510543,0.115746972,0.512337371,0.167788246,0.125616869,8678,415,1266,447,819,0.047822079,0.145886149,0.051509564,0.094376584,941,0.105540601,8830,1717,583,80,0.194450736,0.066024915,0.009060023,4955,1386,1032,354,139,215,3569,2634,935,0.279717457,0.20827447,0.071442987,0.028052472,0.043390515,0.720282543,0.531584258,0.188698285,5474,4955,519,0.905188162,0.094811838,4955,1586,3369,0.320080727,0.679919273,8304,6486,6486,6225,261,0,1818,0.781069364,0.781069364,0.749638728,0.031430636,0,0.218930636,8866,538,996,0.060681254,0.112339274,7184,426,1047,1290,4421,0.059298441,0.145740535,0.179565702,0.615395323,6106,2983,917,129,831,81,1165,0.488535866,0.150180151,0.021126761,0.136095644,0.01326564,0.190795938,4955,917,1073,998,534,1200,233,0.18506559,0.21654894,0.201412714,0.107769929,0.242179617,0.047023209,216,57,15,97,5,3,39,0.263888889,0.069444444,0.449074074,0.023148148,0.013888889,0.180555556
15,Bluff,neighborhood,6659,4138,1812,209,139,361,0.621414627,0.27211293,0.031386094,0.020874005,0.054212344,5930,0.890524103,329,0.049406818,231,4255,1545,533,95,0.034689893,0.638984833,0.232016819,0.080042048,0.014266406,6605,141,3931,3767,164,0.021347464,0.595155185,0.570325511,0.024829674,228,0.034239375,6628,3452,1631,67,0.52082076,0.246077248,0.01010863,322,109,50,59,11,48,213,147,66,0.338509317,0.155279503,0.183229814,0.034161491,0.149068323,0.661490683,0.456521739,0.204968944,462,322,140,0.696969697,0.303030303,322,102,220,0.316770186,0.683229814,6536,2229,2229,2119,110,0,4307,0.341034272,0.341034272,0.324204406,0.016829865,0,0.658965728,814,171,318,0.21007371,0.390663391,2173,356,992,574,251,0.163828808,0.456511735,0.264150943,0.115508514,1936,461,214,0,970,0,291,0.238119835,0.11053719,0,0.501033058,0,0.150309917,322,112,51,72,9,68,10,0.347826087,0.158385093,0.223602484,0.027950311,0.211180124,0.031055901,122,31,31,16,0,0,44,0.254098361,0.254098361,0.131147541,0,0,0.360655738
16,Brighton Heights,neighborhood,7047,4689,1940,40,20,358,0.665389527,0.275294452,0.005676174,0.002838087,0.05080176,127,0.018021853,144,0.020434227,1060,367,2302,1981,1337,0.150418618,0.052078899,0.326663829,0.28111253,0.189726125,6832,791,253,186,67,0.115778689,0.037031616,0.027224824,0.009806792,117,0.01660281,7020,1011,37,0,0.144017094,0.005270655,0,3486,1595,1021,574,188,386,1891,1636,255,0.457544464,0.292885829,0.164658635,0.053930006,0.110728629,0.542455536,0.469305795,0.073149742,3735,3486,249,0.933333333,0.066666667,3486,2415,1071,0.692771084,0.307228916,6138,4073,4073,3821,252,0,2065,0.663571196,0.663571196,0.622515477,0.041055718,0,0.336428804,6974,393,644,0.056352165,0.092342988,5620,402,1355,1894,1969,0.071530249,0.241103203,0.337010676,0.350355872,3761,2248,778,5,79,28,623,0.597713374,0.206859878,0.001329434,0.021005052,0.007444829,0.165647434,3486,567,683,662,378,977,219,0.162650602,0.195926563,0.189902467,0.108433735,0.280263913,0.062822719,471,55,104,185,12,0,115,0.116772824,0.220806794,0.392781316,0.025477707,0,0.244161359
17,Brookline,neighborhood,12924,11678,531,202,95,418,0.90359022,0.041086351,0.015629836,0.007350665,0.032342928,31,0.002398638,871,0.067393996,1983,872,3911,3715,2443,0.153435469,0.067471371,0.302615289,0.287449706,0.189028165,12424,1299,651,473,178,0.104555699,0.052398583,0.038071475,0.014327109,757,0.058573197,12780,1496,350,183,0.117057903,0.027386541,0.014319249,5940,3030,2131,899,263,636,2910,2273,637,0.51010101,0.358754209,0.151346801,0.044276094,0.107070707,0.48989899,0.382659933,0.107239057,6421,5940,481,0.92508955,0.07491045,5940,4056,1884,0.682828283,0.317171717,11293,7299,7239,6721,518,60,3994,0.646329585,0.641016559,0.595147436,0.045869122,0.005313026,0.353670415,12923,413,1348,0.031958524,0.104310145,10069,824,3196,2634,3415,0.081835336,0.317409872,0.261594995,0.339159797,6613,5007,501,0,150,104,851,0.757145017,0.075759867,0,0.022682595,0.015726599,0.128685922,5940,886,930,1095,952,1816,261,0.149158249,0.156565657,0.184343434,0.16026936,0.305723906,0.043939394,615,72,52,295,84,0,112,0.117073171,0.084552846,0.479674797,0.136585366,0,0.182113821
18,Carrick,neighborhood,10066,7071,1882,494,154,465,0.702463739,0.186966024,0.049076098,0.015299026,0.046195112,40,0.003973773,331,0.032882972,1591,946,2855,2833,1841,0.158056825,0.093979734,0.283628055,0.28144248,0.182892907,9804,1283,512,416,96,0.130864953,0.052223582,0.042431661,0.009791922,756,0.075104312,9988,914,272,17,0.091509812,0.027232679,0.001702042,4563,2282,1406,876,272,604,2281,1799,482,0.500109577,0.308130616,0.191978961,0.059609906,0.132369055,0.499890423,0.394258163,0.105632259,5303,4563,740,0.860456345,0.139543655,4563,2641,1922,0.578785886,0.421214114,8698,5442,5442,5035,407,0,3256,0.625661072,0.625661072,0.578868705,0.046792366,0,0.374338928,10015,537,1937,0.053619571,0.193409885,7529,910,2779,2027,1813,0.120865985,0.369106123,0.269225661,0.240802231,4970,3544,592,0,245,147,442,0.713078471,0.119114688,0,0.049295775,0.029577465,0.088933602,4563,1108,1158,883,540,819,55,0.242822704,0.253780408,0.19351304,0.118343195,0.179487179,0.012053474,541,46,54,243,71,9,118,0.085027726,0.099815157,0.449168207,0.131238447,0.01663586,0.218114603
19,Central Business District - Crawford Roberts,neighborhood group,7354,3800,2407,696,52,399,0.516725592,0.327304868,0.094642371,0.007070982,0.054256187,1474,0.200435137,327,0.044465597,462,2249,2462,1130,1051,0.062822953,0.305819962,0.334783791,0.153657873,0.14291542,7305,349,2050,1720,330,0.047775496,0.280629706,0.235455168,0.045174538,805,0.109464237,7345,2396,1498,85,0.326208305,0.203948264,0.011572498,3675,1031,580,451,26,425,2644,2181,463,0.280544218,0.157823129,0.122721088,0.00707483,0.115646259,0.719455782,0.593469388,0.125986395,4841,3675,1166,0.759140673,0.240859327,3675,656,3019,0.178503401,0.821496599,6952,4493,4493,4090,403,0,2459,0.646288838,0.646288838,0.588319908,0.05796893,0,0.353711162,6027,596,1405,0.098888336,0.233117637,4643,162,713,1218,2550,0.034891234,0.153564506,0.26233039,0.54921387,3926,1056,464,48,1663,54,641,0.268976057,0.118186449,0.012226184,0.423586347,0.013754457,0.163270504,3675,984,457,679,316,754,485,0.267755102,0.124353741,0.184761905,0.085986395,0.205170068,0.131972789,165,27,42,77,3,0,16,0.163636364,0.254545455,0.466666667,0.018181818,0,0.096969697
20,Central Lawrenceville,neighborhood,4730,4011,251,124,107,237,0.847991543,0.053065539,0.026215645,0.022621564,0.050105708,256,0.054122622,173,0.036575053,267,206,2514,828,915,0.056448203,0.043551797,0.531501057,0.175052854,0.193446089,4664,201,392,116,276,0.043096055,0.084048027,0.024871355,0.059176672,189,0.039957717,4708,1098,516,16,0.233220051,0.10960068,0.003398471,2670,690,509,181,60,121,1980,1327,653,0.258426966,0.190636704,0.067790262,0.02247191,0.045318352,0.741573034,0.497003745,0.244569288,2930,2670,260,0.911262799,0.088737201,2670,1033,1637,0.386891386,0.613108614,4501,3341,3341,3225,116,0,1160,0.742279493,0.742279493,0.716507443,0.025772051,0,0.257720507,4481,156,564,0.034813658,0.125864762,4257,313,711,557,2676,0.073525957,0.167019027,0.130843317,0.628611698,3192,1593,491,117,355,0,636,0.49906015,0.153822055,0.036654135,0.111215539,0,0.19924812,2670,553,407,324,407,653,326,0.207116105,0.152434457,0.121348315,0.152434457,0.244569288,0.122097378,237,33,26,42,93,11,32,0.139240506,0.109704641,0.17721519,0.392405063,0.046413502,0.135021097
21,Central Northside,neighborhood,2953,1841,862,27,148,75,0.623433796,0.291906536,0.009143244,0.050118524,0.0253979,81,0.027429732,132,0.044700305,527,122,1174,707,423,0.17846258,0.041313918,0.397561802,0.239417541,0.143244158,2824,418,123,74,49,0.148016997,0.043555241,0.026203966,0.017351275,132,0.044700305,2890,532,230,9,0.184083045,0.079584775,0.003114187,1553,651,360,291,81,210,902,765,137,0.419188667,0.231809401,0.187379266,0.052157115,0.135222151,0.580811333,0.492594977,0.088216355,1827,1553,274,0.850027367,0.149972633,1553,668,885,0.430135222,0.569864778,2434,1650,1650,1554,96,0,784,0.677896467,0.677896467,0.638455218,0.039441249,0,0.322103533,2941,584,857,0.198571914,0.291397484,2304,123,492,514,1175,0.053385417,0.213541667,0.223090278,0.509982639,1548,857,163,34,154,27,313,0.553617571,0.105297158,0.021963824,0.099483204,0.01744186,0.202196382,1553,545,160,191,147,292,218,0.350933677,0.103026401,0.122987766,0.094655505,0.188023181,0.140373471,144,45,18,45,0,0,36,0.3125,0.125,0.3125,0,0,0.25
22,Central Oakland,neighborhood,5142,4331,148,417,38,208,0.842279269,0.028782575,0.081096849,0.007390121,0.040451186,512,0.099572151,155,0.030143913,20,4437,241,293,151,0.003889537,0.862893816,0.046868923,0.056981719,0.029366005,5142,112,4070,3760,310,0.021781408,0.791520809,0.731232983,0.060287826,268,0.052119798,5142,2762,1081,38,0.53714508,0.210229483,0.007390121,1857,129,96,33,13,20,1728,720,1008,0.069466882,0.051696284,0.017770598,0.007000539,0.010770059,0.930533118,0.387722132,0.542810985,2330,1857,473,0.796995708,0.203004292,1857,162,1695,0.08723748,0.91276252,5122,2702,2669,2475,194,33,2420,0.527528309,0.521085513,0.483209684,0.03787583,0.006442796,0.472471691,4630,2537,3421,0.547948164,0.73887689,685,123,98,248,216,0.179562044,0.143065693,0.362043796,0.315328467,2451,615,355,60,1162,65,194,0.250917993,0.144838841,0.024479804,0.474092207,0.026519788,0.079151367,1857,1015,486,252,27,65,12,0.546580506,0.261712439,0.135702746,0.01453958,0.035002693,0.006462036,69,49,0,20,0,0,0,0.710144928,0,0.289855072,0,0,0
23,Crafton Heights,neighborhood,3951,2190,1352,5,45,359,0.554290053,0.34219185,0.001265502,0.011389522,0.090863073,3,0.000759301,16,0.004049608,1107,264,1162,953,465,0.280182232,0.066818527,0.294102759,0.241204758,0.117691724,3744,820,163,143,20,0.219017094,0.043536325,0.038194444,0.00534188,35,0.008858517,3890,348,1,0,0.089460154,0.000257069,0,1655,996,572,424,45,379,659,555,104,0.601812689,0.345619335,0.256193353,0.027190332,0.229003021,0.398187311,0.335347432,0.062839879,1816,1655,161,0.911343612,0.088656388,1655,1044,611,0.63081571,0.36918429,2959,2087,2087,1991,96,0,872,0.705305847,0.705305847,0.672862454,0.032443393,0,0.294694153,3951,279,1047,0.070615034,0.264996203,2580,165,737,922,756,0.063953488,0.285658915,0.357364341,0.293023256,1873,1367,252,0,80,23,151,0.729845168,0.134543513,0,0.042712226,0.012279765,0.080619327,1655,532,361,226,234,242,60,0.321450151,0.218126888,0.136555891,0.141389728,0.146223565,0.036253776,186,43,28,38,15,0,62,0.231182796,0.150537634,0.204301075,0.080645161,0,0.333333333
24,Duquesne Heights,neighborhood,2276,2135,0,65,13,63,0.938049209,0,0.028558875,0.005711775,0.027680141,0,0,39,0.017135325,163,73,895,518,627,0.071616872,0.032073814,0.393233743,0.227592267,0.275483304,2223,89,101,25,76,0.040035987,0.045434098,0.011246064,0.034188034,52,0.0228471,2266,493,187,0,0.217563989,0.082524272,0,1284,564,414,150,61,89,720,581,139,0.439252336,0.322429907,0.11682243,0.047507788,0.069314642,0.560747664,0.452492212,0.108255452,1459,1284,175,0.880054832,0.119945168,1284,753,531,0.586448598,0.413551402,2123,1460,1460,1432,28,0,663,0.687706076,0.687706076,0.674517193,0.013188884,0,0.312293924,2276,44,193,0.019332162,0.084797891,2040,97,393,492,1058,0.04754902,0.192647059,0.241176471,0.518627451,1426,1028,23,30,11,25,309,0.720897616,0.016129032,0.021037868,0.007713885,0.017531557,0.216690042,1284,221,259,99,145,363,197,0.17211838,0.201713396,0.077102804,0.112928349,0.28271028,0.153426791,156,56,0,13,58,0,29,0.358974359,0,0.083333333,0.371794872,0,0.185897436
25,East Allegheny-North Shore,neighborhood group,1924,1162,533,21,82,126,0.603950104,0.277027027,0.010914761,0.042619543,0.065488565,33,0.017151767,62,0.032224532,118,126,821,588,271,0.061330561,0.065488565,0.426715177,0.305613306,0.140852391,1879,73,87,78,9,0.038850452,0.046301224,0.041511442,0.004789782,137,0.071205821,1924,214,43,0,0.111226611,0.022349272,0,1314,235,142,93,46,47,1079,885,194,0.178843227,0.108066971,0.070776256,0.03500761,0.035768645,0.821156773,0.673515982,0.147640791,1585,1314,271,0.829022082,0.170977918,1314,459,855,0.349315068,0.650684932,1806,1097,1097,1004,93,0,709,0.607419712,0.607419712,0.555924695,0.051495017,0,0.392580288,1924,265,497,0.137733888,0.258316008,1680,278,357,294,751,0.16547619,0.2125,0.175,0.44702381,983,425,144,50,124,32,208,0.432349949,0.146490336,0.0508647,0.126144456,0.032553408,0.211597152,1314,393,327,177,112,167,138,0.299086758,0.248858447,0.134703196,0.085235921,0.127092846,0.105022831,161,50,13,54,0,16,28,0.310559006,0.080745342,0.335403727,0,0.099378882,0.173913043
26,East Carnegie - Oakwood,neighborhood group,1560,1246,63,65,30,156,0.798717949,0.040384615,0.041666667,0.019230769,0.1,56,0.035897436,55,0.03525641,327,75,448,395,315,0.209615385,0.048076923,0.287179487,0.253205128,0.201923077,1503,201,110,107,3,0.133732535,0.073186959,0.071190951,0.001996008,152,0.097435897,1553,85,67,43,0.054732775,0.043142305,0.027688345,749,385,275,110,58,52,364,317,47,0.514018692,0.367156208,0.146862483,0.077436582,0.069425901,0.485981308,0.423230975,0.062750334,844,749,95,0.887440758,0.112559242,749,422,327,0.563417891,0.436582109,1261,790,790,728,62,0,471,0.626486915,0.626486915,0.577319588,0.049167328,0,0.373513085,1527,55,187,0.036018337,0.122462344,1158,63,368,350,377,0.054404145,0.317789292,0.30224525,0.325561313,723,534,43,0,26,0,120,0.738589212,0.059474412,0,0.035961272,0,0.165975104,749,178,154,161,128,118,10,0.2376502,0.205607477,0.214953271,0.170894526,0.157543391,0.013351135,86,13,11,32,8,5,17,0.151162791,0.127906977,0.372093023,0.093023256,0.058139535,0.197674419
27,East Hills,neighborhood,3505,309,3172,0,0,24,0.088159772,0.904992867,0,0,0.006847361,1,0.000285307,32,0.009129815,1278,339,732,730,426,0.364621969,0.096718973,0.208844508,0.208273894,0.121540656,3295,1029,194,100,94,0.312291351,0.058877086,0.030349014,0.028528073,41,0.011697575,3488,295,1,0,0.084575688,0.000286697,0,1180,669,230,439,83,356,511,475,36,0.566949153,0.194915254,0.372033898,0.070338983,0.301694915,0.433050847,0.402542373,0.030508475,1477,1180,297,0.798916723,0.201083277,1180,486,694,0.411864407,0.588135593,2268,1043,1043,889,154,0,1225,0.459876543,0.459876543,0.391975309,0.067901235,0,0.540123457,3505,1152,1706,0.328673324,0.486733238,1888,146,784,658,300,0.077330508,0.415254237,0.348516949,0.158898305,864,608,134,0,0,0,122,0.703703704,0.155092593,0,0,0,0.141203704,1180,627,135,100,137,166,15,0.531355932,0.11440678,0.084745763,0.116101695,0.140677966,0.012711864,154,68,34,38,14,0,0,0.441558442,0.220779221,0.246753247,0.090909091,0,0
28,East Liberty,neighborhood,6013,2867,2207,541,27,371,0.476800266,0.367038084,0.089971728,0.004490271,0.061699651,262,0.04357226,192,0.031930817,889,350,2616,1394,764,0.147846333,0.058207218,0.435057376,0.231831033,0.127058041,5937,806,597,355,242,0.135758801,0.100555836,0.059794509,0.040761327,439,0.073008482,5989,944,599,100,0.157622308,0.100016697,0.016697278,3334,1062,539,523,75,448,2272,1879,393,0.318536293,0.161667666,0.156868626,0.022495501,0.134373125,0.681463707,0.563587283,0.117876425,4038,3334,704,0.825656265,0.174343735,3334,705,2629,0.211457708,0.788542292,5217,3820,3820,3643,177,0,1397,0.732221583,0.732221583,0.698294039,0.033927545,0,0.267778417,5818,397,765,0.068236507,0.131488484,4774,269,815,1099,2591,0.056346879,0.17071638,0.230205279,0.542731462,3601,1623,1002,67,466,0,443,0.450708137,0.27825604,0.018605943,0.129408498,0,0.123021383,3334,769,907,712,263,411,272,0.230653869,0.272045591,0.213557289,0.078884223,0.123275345,0.081583683,310,29,39,68,64,0,110,0.093548387,0.125806452,0.219354839,0.206451613,0,0.35483871
29,Esplen-Sheraden-ChartiersCity-Windgap-Fairywood,neighborhood group,8683,3764,3731,380,40,768,0.433490729,0.429690199,0.043763676,0.004606703,0.088448693,82,0.009443741,260,0.029943568,1736,680,3123,2053,1091,0.199930899,0.078313947,0.359668317,0.236439019,0.125647818,8105,1194,878,495,383,0.147316471,0.108328192,0.061073411,0.047254781,717,0.082575147,8496,1140,265,53,0.134180791,0.031191149,0.00623823,3540,2086,1364,722,139,583,1454,1147,307,0.589265537,0.385310734,0.203954802,0.039265537,0.164689266,0.410734463,0.324011299,0.086723164,4018,3540,478,0.881035341,0.118964659,3540,1930,1610,0.54519774,0.45480226,7018,4368,4338,3910,428,30,2650,0.622399544,0.618124822,0.557138786,0.060986036,0.004274722,0.377600456,8683,935,1526,0.107681677,0.17574571,6267,569,2023,1758,1917,0.090793043,0.322801979,0.280516994,0.305887985,3752,2651,465,0,106,93,437,0.706556503,0.123933902,0,0.028251599,0.02478678,0.116471215,3540,756,763,771,511,642,97,0.213559322,0.215536723,0.21779661,0.144350282,0.181355932,0.02740113,560,84,121,186,22,0,147,0.15,0.216071429,0.332142857,0.039285714,0,0.2625
30,Fineview,neighborhood,1268,578,591,0,22,77,0.455835962,0.466088328,0,0.017350158,0.060725552,0,0,47,0.037066246,240,219,485,212,112,0.189274448,0.172712934,0.382492114,0.167192429,0.088328076,1183,145,133,133,0,0.122569738,0.112426036,0.112426036,0,35,0.027602524,1227,348,48,0,0.283618582,0.039119804,0,610,346,119,227,32,195,264,171,93,0.567213115,0.195081967,0.372131148,0.052459016,0.319672131,0.432786885,0.280327869,0.152459016,705,610,95,0.865248227,0.134751773,610,256,354,0.419672131,0.580327869,1070,760,760,667,93,0,310,0.710280374,0.710280374,0.623364486,0.086915888,0,0.289719626,1268,120,265,0.094637224,0.208990536,809,28,288,278,215,0.03461063,0.355995056,0.343634116,0.265760198,667,323,239,6,19,16,64,0.484257871,0.35832084,0.008995502,0.028485757,0.023988006,0.095952024,610,191,177,18,33,172,19,0.313114754,0.290163934,0.029508197,0.054098361,0.281967213,0.031147541,32,0,0,22,10,0,0,0,0,0.6875,0.3125,0,0
31,Friendship,neighborhood,2034,1332,149,359,6,188,0.654867257,0.073254671,0.176499508,0.002949853,0.092428712,40,0.019665683,164,0.080629302,247,229,1178,235,145,0.121435595,0.112586037,0.579154376,0.11553589,0.071288102,1940,79,354,37,317,0.040721649,0.182474227,0.019072165,0.163402062,546,0.268436578,2034,626,352,85,0.307767945,0.173058014,0.041789577,1243,195,168,27,0,27,1048,826,222,0.15687852,0.135156879,0.021721641,0,0.021721641,0.84312148,0.664521319,0.178600161,1363,1243,120,0.911958914,0.088041086,1243,120,1123,0.096540628,0.903459372,1788,1439,1439,1406,33,0,349,0.804809843,0.804809843,0.786353468,0.018456376,0,0.195190157,2027,170,244,0.083867785,0.120374938,1558,23,122,221,1192,0.014762516,0.07830552,0.141848524,0.76508344,1386,689,288,81,179,0,149,0.497113997,0.207792208,0.058441558,0.129148629,0,0.107503608,1243,314,357,303,87,114,68,0.252614642,0.287208367,0.243765084,0.069991955,0.091713596,0.054706356,70,11,0,38,8,0,13,0.157142857,0,0.542857143,0.114285714,0,0.185714286
32,Garfield,neighborhood,4000,1132,2439,107,0,322,0.283,0.60975,0.02675,0,0.0805,7,0.00175,99,0.02475,715,387,1729,676,493,0.17875,0.09675,0.43225,0.169,0.12325,3861,527,278,197,81,0.136493136,0.072002072,0.051023051,0.020979021,183,0.04575,3945,391,100,4,0.099112801,0.025348542,0.001013942,1751,816,406,410,25,385,935,611,324,0.466019417,0.231867504,0.234151913,0.014277556,0.219874358,0.533980583,0.348943461,0.185037122,2062,1751,311,0.849175558,0.150824442,1751,783,968,0.447173044,0.552826956,3366,2386,2386,2119,267,0,980,0.708853238,0.708853238,0.6295306,0.079322638,0,0.291146762,4000,325,808,0.08125,0.202,2898,169,632,832,1265,0.05831608,0.218081435,0.287094548,0.436507937,1972,872,300,98,208,57,437,0.442190669,0.152129817,0.04969574,0.105476673,0.028904665,0.221602434,1751,424,330,238,270,422,67,0.242147344,0.188463735,0.13592233,0.154197601,0.24100514,0.038263849,205,100,24,42,11,0,28,0.487804878,0.117073171,0.204878049,0.053658537,0,0.136585366
33,Greenfield,neighborhood,7344,5926,633,232,122,431,0.806917211,0.08619281,0.031590414,0.0166122,0.058687364,0,0,434,0.059095861,1009,528,2663,1801,1343,0.137391068,0.071895425,0.362608932,0.245234205,0.18287037,7219,860,704,305,399,0.119130073,0.097520432,0.042249619,0.055270813,1016,0.138344227,7289,906,347,35,0.124296886,0.047605982,0.004801756,3843,1483,1054,429,193,236,2360,1892,468,0.385896435,0.274264897,0.111631538,0.050221181,0.061410356,0.614103565,0.492323705,0.121779859,3966,3843,123,0.968986384,0.031013616,3843,2308,1535,0.600572469,0.399427531,6414,4450,4450,4271,179,0,1964,0.693794824,0.693794824,0.665887122,0.027907702,0,0.306205176,7344,410,744,0.055827887,0.10130719,5807,365,1241,972,3229,0.062855175,0.213707594,0.167384191,0.556053039,4069,2408,752,18,125,38,728,0.591791595,0.184811993,0.004423691,0.030720079,0.009338904,0.178913738,3843,843,576,714,481,994,235,0.219359875,0.149882904,0.18579235,0.125162633,0.258652095,0.061150143,259,76,12,54,10,0,107,0.293436293,0.046332046,0.208494208,0.038610039,0,0.413127413
34,Hazelwood-Glen Hazel -New Homestead-Hays,neighborhood group,5697,3074,2002,38,48,535,0.539582236,0.351413024,0.006670177,0.008425487,0.093909075,234,0.04107425,250,0.043882745,1300,470,1221,1291,1415,0.228190276,0.082499561,0.214323328,0.226610497,0.248376338,5507,1000,97,89,8,0.181587071,0.017613946,0.016161249,0.001452697,126,0.022116904,5543,529,14,0,0.095435685,0.002525708,0,2491,1255,577,678,84,594,1236,1047,189,0.503813729,0.231633882,0.272179847,0.033721397,0.23845845,0.496186271,0.420313127,0.075873143,3012,2491,521,0.827025232,0.172974768,2491,1331,1160,0.534323565,0.465676435,4562,2319,2319,2005,314,0,2243,0.50832968,0.50832968,0.439500219,0.068829461,0,0.49167032,5494,471,1734,0.085729887,0.315617037,3927,280,1625,1036,986,0.071301248,0.413801884,0.263814617,0.251082251,1902,1286,271,24,106,27,188,0.676130389,0.142481598,0.012618297,0.05573081,0.014195584,0.098843323,2491,978,495,421,191,368,38,0.392613408,0.198715375,0.16900843,0.076676034,0.147731835,0.015254918,291,0,18,204,15,14,40,0,0.06185567,0.701030928,0.051546392,0.048109966,0.137457045
35,Highland Park,neighborhood,6400,4742,845,249,86,478,0.7409375,0.13203125,0.03890625,0.0134375,0.0746875,17,0.00265625,224,0.035,956,600,2580,1386,878,0.149375,0.09375,0.403125,0.2165625,0.1371875,6107,680,427,173,254,0.111347634,0.069919764,0.028328148,0.041591616,468,0.073125,6252,764,481,135,0.122200896,0.076935381,0.02159309,3109,1607,1294,313,63,250,1502,1144,358,0.516886459,0.416211,0.100675458,0.02026375,0.080411708,0.483113541,0.367963976,0.115149566,3448,3109,339,0.901682135,0.098317865,3109,1677,1432,0.539401737,0.460598263,5477,4169,4159,4098,61,10,1308,0.761183129,0.759357312,0.748219828,0.011137484,0.001825817,0.238816871,6397,127,305,0.019853056,0.047678599,4844,28,553,583,3680,0.005780347,0.11416185,0.120355078,0.759702725,4043,1957,447,55,311,57,1216,0.4840465,0.110561464,0.01360376,0.076923077,0.014098442,0.300766757,3109,237,642,307,292,1102,529,0.076230299,0.206497266,0.098745577,0.093920875,0.354454809,0.170151174,189,13,54,67,9,0,46,0.068783069,0.285714286,0.354497354,0.047619048,0,0.243386243
36,Homewood North - Homewood West,neighborhood group,3229,233,2911,0,59,26,0.072158563,0.901517498,0,0.018271911,0.008052028,15,0.004645401,59,0.018271911,790,212,759,670,798,0.244657789,0.065655002,0.235057293,0.20749458,0.247135336,3166,724,148,131,17,0.228679722,0.046746684,0.041377132,0.005369551,97,0.03004026,3222,192,17,0,0.059590317,0.005276226,0,1371,739,292,447,61,386,632,621,11,0.539022611,0.212983224,0.326039387,0.044493071,0.281546317,0.460977389,0.452954048,0.008023341,2046,1371,675,0.670087977,0.329912023,1371,589,782,0.429613421,0.570386579,2467,1239,1239,1126,113,0,1228,0.502229428,0.502229428,0.456424807,0.045804621,0,0.497770572,3180,542,1007,0.170440252,0.316666667,2227,210,1123,519,375,0.094297261,0.504265828,0.233048945,0.168387966,1098,810,202,0,64,4,18,0.737704918,0.183970856,0,0.058287796,0.003642987,0.016393443,1371,528,364,310,64,83,22,0.38512035,0.265499635,0.226112327,0.046681255,0.060539752,0.016046681,235,28,3,137,16,5,46,0.119148936,0.012765957,0.582978723,0.068085106,0.021276596,0.195744681
37,Homewood South,neighborhood,2177,127,1838,0,12,200,0.058337161,0.844281121,0,0.005512173,0.091869545,14,0.006430868,30,0.013780432,754,162,417,455,389,0.346348186,0.074414332,0.191548002,0.209003215,0.178686266,2048,573,77,18,59,0.279785156,0.037597656,0.008789063,0.028808594,34,0.015617823,2142,223,77,0,0.10410831,0.035947712,0,938,453,132,321,75,246,485,477,8,0.482942431,0.140724947,0.342217484,0.079957356,0.262260128,0.517057569,0.508528785,0.008528785,1540,938,602,0.609090909,0.390909091,938,383,555,0.408315565,0.591684435,1449,674,674,572,102,0,775,0.465148378,0.465148378,0.394755003,0.070393375,0,0.534851622,2177,122,791,0.056040423,0.363344051,1261,93,660,308,200,0.073750991,0.523394132,0.244250595,0.158604282,522,367,104,0,41,0,10,0.703065134,0.199233716,0,0.078544061,0,0.019157088,938,481,337,67,8,45,0,0.512793177,0.359275053,0.071428571,0.008528785,0.047974414,0,111,0,2,40,0,0,69,0,0.018018018,0.36036036,0,0,0.621621622
38,Knoxville,neighborhood,4188,1696,1908,267,171,146,0.404966571,0.455587393,0.063753582,0.040830946,0.034861509,0,0,165,0.039398281,1111,525,1308,781,463,0.265281757,0.125358166,0.312320917,0.186485196,0.110553964,4081,1034,64,59,5,0.253369272,0.015682431,0.014457241,0.00122519,397,0.094794651,4188,606,215,0,0.14469914,0.051337154,0,1389,874,426,448,12,436,515,379,136,0.629229662,0.306695464,0.322534197,0.008639309,0.313894888,0.370770338,0.272858171,0.097912167,1775,1389,386,0.782535211,0.217464789,1389,692,697,0.498200144,0.501799856,3272,2291,2291,1969,322,0,981,0.700183374,0.700183374,0.601772616,0.098410758,0,0.299816626,4188,426,938,0.101719198,0.223973257,2552,282,1206,505,559,0.110501567,0.472570533,0.197884013,0.219043887,1857,1127,429,0,210,0,91,0.606892838,0.231017771,0,0.113085622,0,0.04900377,1389,247,572,184,168,218,0,0.177825774,0.411807055,0.132469402,0.120950324,0.156947444,0,207,29,0,143,0,0,35,0.140096618,0,0.690821256,0,0,0.169082126
39,Larimer,neighborhood,1574,303,1191,8,12,60,0.192503177,0.756670902,0.005082592,0.007623888,0.038119441,177,0.112452351,89,0.056543837,375,119,405,319,356,0.238246506,0.075603558,0.257306226,0.202668361,0.226175349,1542,321,60,60,0,0.208171206,0.038910506,0.038910506,0,8,0.005082592,1567,136,27,0,0.086790045,0.017230377,0,596,253,26,227,19,208,343,260,83,0.424496644,0.043624161,0.380872483,0.031879195,0.348993289,0.575503356,0.436241611,0.139261745,812,596,216,0.733990148,0.266009852,596,230,366,0.38590604,0.61409396,1264,579,579,506,73,0,685,0.45806962,0.45806962,0.400316456,0.057753165,0,0.54193038,1448,218,595,0.150552486,0.410911602,1080,194,386,319,181,0.17962963,0.357407407,0.29537037,0.167592593,496,306,112,0,9,37,32,0.616935484,0.225806452,0,0.018145161,0.074596774,0.064516129,596,316,118,49,55,46,12,0.530201342,0.197986577,0.082214765,0.092281879,0.077181208,0.020134228,109,1,6,21,45,0,36,0.009174312,0.055045872,0.19266055,0.412844037,0,0.330275229
40,Lincoln-Lemington-Belmar,neighborhood,4485,737,3620,18,42,68,0.16432553,0.807134894,0.004013378,0.009364548,0.01516165,404,0.090078038,374,0.083389075,1133,398,1072,901,981,0.252619844,0.088740245,0.239018952,0.200891862,0.218729097,4142,831,249,204,45,0.200627716,0.060115886,0.049251569,0.010864317,432,0.09632107,4260,404,161,9,0.094835681,0.037793427,0.002112676,1740,925,203,722,60,662,815,756,59,0.531609195,0.116666667,0.414942529,0.034482759,0.38045977,0.468390805,0.434482759,0.033908046,1963,1740,223,0.88639837,0.11360163,1740,949,791,0.545402299,0.454597701,3455,1675,1675,1502,173,0,1780,0.484804631,0.484804631,0.434732272,0.050072359,0,0.515195369,4157,436,1356,0.104883329,0.326196777,2954,237,1336,712,669,0.080230196,0.452268111,0.241029113,0.22647258,1484,830,383,24,6,0,241,0.559299191,0.258086253,0.016172507,0.004043127,0,0.162398922,1740,867,356,263,86,109,59,0.498275862,0.204597701,0.151149425,0.049425287,0.062643678,0.033908046,406,0,37,87,72,13,197,0,0.091133005,0.214285714,0.177339901,0.032019704,0.485221675
41,Lincoln Place,neighborhood,3272,3061,124,66,15,6,0.935513447,0.037897311,0.020171149,0.004584352,0.001833741,1,0.000305623,15,0.004584352,546,176,876,1001,673,0.166870416,0.053789731,0.267726161,0.305929095,0.205684597,3215,446,73,37,36,0.138724728,0.022706065,0.011508554,0.011197512,76,0.023227384,3250,179,21,0,0.055076923,0.006461538,0,1386,875,616,259,22,237,511,460,51,0.631313131,0.444444444,0.186868687,0.015873016,0.170995671,0.368686869,0.331890332,0.036796537,1570,1386,184,0.882802548,0.117197452,1386,1238,148,0.893217893,0.106782107,2776,1848,1848,1596,252,0,928,0.665706052,0.665706052,0.574927954,0.090778098,0,0.334293948,3264,214,460,0.065563725,0.140931373,2550,125,1058,862,505,0.049019608,0.414901961,0.338039216,0.198039216,1437,1119,69,0,0,24,225,0.778705637,0.048016701,0,0,0.016701461,0.1565762,1386,241,234,186,292,403,30,0.173881674,0.168831169,0.134199134,0.210678211,0.290764791,0.021645022,234,48,0,86,0,0,100,0.205128205,0,0.367521368,0,0,0.427350427
42,Lower Lawrenceville,neighborhood,2448,2001,236,66,50,95,0.817401961,0.096405229,0.026960784,0.020424837,0.03880719,31,0.012663399,67,0.027369281,44,293,1477,323,311,0.017973856,0.119689542,0.603349673,0.131944444,0.127042484,2434,30,380,111,269,0.01232539,0.156121611,0.045603944,0.110517666,137,0.055964052,2448,744,220,29,0.303921569,0.089869281,0.011846405,1422,282,230,52,22,30,1140,646,494,0.198312236,0.161744023,0.036568214,0.015471167,0.021097046,0.801687764,0.454289733,0.347398031,1665,1422,243,0.854054054,0.145945946,1422,603,819,0.424050633,0.575949367,2422,1858,1848,1809,39,10,564,0.7671346,0.76300578,0.746903386,0.016102395,0.004128819,0.2328654,2448,229,356,0.093545752,0.145424837,2111,78,349,233,1451,0.036949313,0.165324491,0.11037423,0.687351966,1812,1048,180,8,114,0,462,0.578366446,0.099337748,0.004415011,0.062913907,0,0.254966887,1422,170,228,175,172,486,191,0.11954993,0.160337553,0.123066104,0.120956399,0.341772152,0.134317862,22,14,0,0,0,0,8,0.636363636,0,0,0,0,0.363636364
43,Manchester-California-Kirkbride,neighborhood group,3011,882,1731,24,10,364,0.292925938,0.574892062,0.007970774,0.003321156,0.12089007,38,0.012620392,10,0.003321156,423,329,1057,834,368,0.140484889,0.109266025,0.351046164,0.276984391,0.122218532,2936,389,249,249,0,0.132493188,0.084809264,0.084809264,0,41,0.013616739,2996,578,175,11,0.192923899,0.058411215,0.003671562,1515,675,451,224,92,132,840,671,169,0.445544554,0.297689769,0.147854785,0.060726073,0.087128713,0.554455446,0.44290429,0.111551155,1799,1515,284,0.842134519,0.157865481,1515,585,930,0.386138614,0.613861386,2609,1834,1834,1706,128,0,775,0.702951322,0.702951322,0.653890379,0.049060943,0,0.297048678,3009,248,487,0.082419408,0.16184779,2259,109,524,823,803,0.048251439,0.231961045,0.364320496,0.355467021,1702,991,103,35,242,18,313,0.582256169,0.060517039,0.020564042,0.142185664,0.010575793,0.183901293,1515,408,255,166,104,472,110,0.269306931,0.168316832,0.109570957,0.068646865,0.311551155,0.072607261,111,17,13,62,3,0,16,0.153153153,0.117117117,0.558558559,0.027027027,0,0.144144144
44,Marshall-Shadeland,neighborhood,4365,1918,1905,0,212,330,0.439404353,0.436426117,0,0.048568156,0.075601375,81,0.018556701,176,0.040320733,613,399,1227,1491,635,0.140435281,0.091408935,0.281099656,0.341580756,0.145475372,4305,507,180,180,0,0.117770035,0.041811847,0.041811847,0,400,0.09163803,4345,744,362,0,0.1712313,0.083314154,0,2003,1012,470,542,63,479,991,866,125,0.505242137,0.234648028,0.270594109,0.031452821,0.239141288,0.494757863,0.432351473,0.06240639,2273,2003,270,0.881214254,0.118785746,2003,977,1026,0.487768347,0.512231653,3752,2248,2248,2184,64,0,1504,0.599147122,0.599147122,0.582089552,0.017057569,0,0.400852878,4310,478,1014,0.110904872,0.235266821,3353,511,1455,925,462,0.152400835,0.433939755,0.275872353,0.137787056,2134,1167,588,0,57,0,322,0.546860356,0.275538894,0,0.026710403,0,0.150890347,2003,637,499,280,236,321,30,0.318022966,0.249126311,0.139790315,0.117823265,0.160259611,0.014977534,214,19,9,107,20,0,59,0.088785047,0.042056075,0.5,0.093457944,0,0.275700935
45,Middle Hill,neighborhood,1561,71,1451,0,0,39,0.045483664,0.929532351,0,0,0.024983985,26,0.01665599,3,0.001921845,443,46,458,269,345,0.283792441,0.02946829,0.293401666,0.172325432,0.221012172,1444,291,50,50,0,0.201523546,0.034626039,0.034626039,0,13,0.008327995,1561,316,253,21,0.202434337,0.162075593,0.013452915,909,380,43,337,12,325,529,517,12,0.418041804,0.04730473,0.370737074,0.01320132,0.357535754,0.581958196,0.568756876,0.01320132,1055,909,146,0.861611374,0.138388626,909,165,744,0.181518152,0.818481848,1136,548,548,504,44,0,588,0.482394366,0.482394366,0.443661972,0.038732394,0,0.517605634,1556,324,609,0.208226221,0.391388175,1072,175,352,470,75,0.163246269,0.328358209,0.438432836,0.069962687,494,237,141,0,96,0,20,0.479757085,0.285425101,0,0.194331984,0,0.04048583,909,391,292,174,20,20,12,0.430143014,0.321232123,0.191419142,0.0220022,0.0220022,0.01320132,23,8,0,9,0,6,0,0.347826087,0,0.391304348,0,0.260869565,0
46,Morningside,neighborhood,3301,2897,183,68,13,140,0.877612845,0.055437746,0.020599818,0.003938201,0.04241139,5,0.001514693,113,0.034232051,521,120,1211,907,542,0.15783096,0.03635262,0.366858528,0.274765223,0.164192669,3246,404,129,41,88,0.124460875,0.03974122,0.01263093,0.02711029,212,0.064222963,3284,191,74,0,0.05816078,0.022533496,0,1515,876,556,320,94,226,639,523,116,0.578217822,0.3669967,0.211221122,0.062046205,0.149174917,0.421782178,0.345214521,0.076567657,1642,1515,127,0.922655298,0.077344702,1515,1122,393,0.740594059,0.259405941,2852,1913,1913,1853,60,0,939,0.670757363,0.670757363,0.649719495,0.021037868,0,0.329242637,3280,21,120,0.006402439,0.036585366,2660,100,603,421,1536,0.037593985,0.226691729,0.158270677,0.577443609,1699,1095,143,11,26,49,375,0.644496763,0.084167157,0.006474397,0.015303119,0.028840494,0.220718069,1515,201,259,192,348,442,73,0.132673267,0.170957096,0.126732673,0.22970297,0.291749175,0.048184818,139,43,0,56,10,10,20,0.309352518,0,0.402877698,0.071942446,0.071942446,0.143884892
47,Mount Washington,neighborhood,8596,7184,795,100,175,342,0.835737552,0.092484877,0.011633318,0.020358306,0.039785947,17,0.001977664,385,0.044788274,852,1015,3589,1846,1294,0.099115868,0.118078176,0.417519777,0.214751047,0.150535133,8354,533,767,268,499,0.063801772,0.091812305,0.032080441,0.059731865,529,0.061540251,8581,1908,462,23,0.222351707,0.053839879,0.00268034,4587,1492,1014,478,131,347,3095,2229,866,0.325267059,0.221059516,0.104207543,0.028558971,0.075648572,0.674732941,0.485938522,0.188794419,5182,4587,595,0.885179467,0.114820533,4587,2026,2561,0.441683017,0.558316983,7822,6164,6130,5762,368,34,1658,0.788033751,0.783687037,0.736640245,0.047046791,0.004346714,0.211966249,8586,506,1022,0.058933147,0.119030981,6729,262,1499,1379,3589,0.038935949,0.222767127,0.204933868,0.533363055,5669,3906,577,25,206,30,925,0.689010407,0.101781619,0.004409949,0.036337978,0.005291939,0.163168107,4587,761,773,854,710,1161,328,0.165903641,0.16851973,0.18617833,0.154785263,0.253106606,0.071506431,324,73,29,131,28,0,63,0.225308642,0.089506173,0.404320988,0.086419753,0,0.194444444
48,North Oakland,neighborhood,9779,6713,991,1668,68,339,0.686471009,0.101339605,0.170569588,0.006953676,0.034666121,5701,0.582983945,302,0.030882503,143,6875,1145,453,1163,0.014623172,0.70303712,0.117087637,0.046323755,0.118928316,9708,2,7200,6349,851,0.000206016,0.741656366,0.653996704,0.087659662,1163,0.118928316,9719,5217,3506,265,0.53678362,0.360736701,0.02726618,2858,469,349,120,51,69,2389,2011,378,0.16410077,0.122113366,0.041987404,0.017844647,0.024142757,0.83589923,0.703638908,0.132260322,3380,2858,522,0.84556213,0.15443787,2858,924,1934,0.323303009,0.676696991,9683,4342,4342,4067,275,0,5341,0.448414747,0.448414747,0.420014458,0.028400289,0,0.551585253,4091,931,1428,0.227572721,0.34905891,2761,28,202,415,2116,0.010141253,0.073161898,0.150307859,0.766388989,3740,730,460,46,1837,140,527,0.195187166,0.122994652,0.012299465,0.491176471,0.037433155,0.140909091,2858,1075,628,471,119,307,258,0.376137159,0.21973408,0.16480056,0.041637509,0.107417775,0.090272918,229,1,0,132,11,21,64,0.004366812,0,0.576419214,0.048034934,0.091703057,0.279475983
49,Northview Heights - Summer Hill,neighborhood group,2996,990,1846,0,31,129,0.330440587,0.616154873,0,0.01034713,0.04305741,0,0,37,0.0123498,1047,330,806,438,375,0.349465955,0.110146862,0.269025367,0.146194927,0.125166889,2780,691,146,113,33,0.248561151,0.052517986,0.040647482,0.011870504,616,0.205607477,2895,374,0,0,0.129188256,0,0,1004,637,325,312,79,233,367,343,24,0.634462151,0.323705179,0.310756972,0.078685259,0.232071713,0.365537849,0.341633466,0.023904382,1051,1004,47,0.955280685,0.044719315,1004,487,517,0.485059761,0.514940239,1971,1000,1000,924,76,0,971,0.507356672,0.507356672,0.468797565,0.038559107,0,0.492643328,2968,324,1259,0.10916442,0.424191375,1619,194,645,427,353,0.119827054,0.39839407,0.263743051,0.218035825,893,683,134,0,9,0,67,0.764837626,0.150055991,0,0.010078387,0,0.075027996,1004,305,203,207,75,157,57,0.303784861,0.202191235,0.206175299,0.074701195,0.156374502,0.056772908,166,23,5,55,6,0,77,0.138554217,0.030120482,0.331325301,0.036144578,0,0.463855422
50,Overbrook,neighborhood,3726,3139,126,126,33,302,0.8424584,0.033816425,0.033816425,0.008856683,0.081052067,40,0.010735373,60,0.01610306,592,266,1142,983,743,0.158883521,0.071390231,0.306494901,0.263821793,0.199409554,3660,479,151,135,16,0.130874317,0.041256831,0.036885246,0.004371585,198,0.053140097,3713,492,184,26,0.132507406,0.049555615,0.007002424,1626,882,699,183,74,109,744,569,175,0.542435424,0.429889299,0.112546125,0.045510455,0.06703567,0.457564576,0.349938499,0.107626076,1748,1626,122,0.93020595,0.06979405,1626,1342,284,0.825338253,0.174661747,3227,2219,2219,2158,61,0,1008,0.687635575,0.687635575,0.668732569,0.018903006,0,0.312364425,3707,78,318,0.021041273,0.085783653,2868,249,1083,989,547,0.086820084,0.377615063,0.344839609,0.190725244,2135,1640,172,0,3,79,241,0.768149883,0.080562061,0,0.001405152,0.037002342,0.112880562,1626,234,328,344,213,476,31,0.143911439,0.201722017,0.211562116,0.13099631,0.292742927,0.019065191,326,16,103,97,21,5,84,0.049079755,0.31595092,0.297546012,0.064417178,0.015337423,0.257668712
51,Perry North,neighborhood,3785,2406,1012,9,40,318,0.635667107,0.267371202,0.002377807,0.010568032,0.084015852,56,0.014795244,98,0.025891678,789,226,1201,1043,526,0.208454425,0.059709379,0.317305152,0.275561427,0.138969617,3688,663,213,102,111,0.179772234,0.057754881,0.027657267,0.030097614,35,0.009247028,3707,405,132,0,0.109252765,0.035608309,0,1612,948,678,270,55,215,664,526,138,0.58808933,0.420595533,0.167493797,0.034119107,0.13337469,0.41191067,0.32630273,0.08560794,1838,1612,226,0.877040261,0.122959739,1612,1063,549,0.65942928,0.34057072,3024,2183,2183,2014,169,0,841,0.721891534,0.721891534,0.666005291,0.055886243,0,0.278108466,3737,231,523,0.06181429,0.139951833,2770,105,760,987,918,0.037906137,0.274368231,0.35631769,0.331407942,2006,1425,208,0,99,29,245,0.710368893,0.103688933,0,0.049351944,0.01445663,0.122133599,1612,303,233,322,403,308,43,0.187965261,0.144540943,0.199751861,0.25,0.191066998,0.026674938,211,22,6,67,5,7,104,0.104265403,0.028436019,0.317535545,0.023696682,0.033175355,0.492890995
52,Perry South,neighborhood,4045,1391,2199,63,80,312,0.343881335,0.543634116,0.015574784,0.019777503,0.077132262,99,0.02447466,68,0.016810878,573,782,833,1109,748,0.141656366,0.193325093,0.205933251,0.274165637,0.184919654,3944,530,307,284,23,0.134381339,0.077839757,0.072008114,0.005831643,207,0.051174289,3999,547,85,11,0.136784196,0.021255314,0.002750688,1669,743,351,392,37,355,926,740,186,0.445176753,0.210305572,0.23487118,0.022168963,0.212702217,0.554823247,0.443379269,0.111443978,2012,1669,343,0.829522863,0.170477137,1669,1007,662,0.603355303,0.396644697,3588,1821,1821,1726,95,0,1767,0.507525084,0.507525084,0.481047938,0.026477146,0,0.492474916,3932,578,813,0.146998983,0.206765005,2690,269,928,659,834,0.1,0.344981413,0.244981413,0.310037175,1693,1050,328,23,27,9,256,0.620200827,0.193738925,0.013585351,0.015948021,0.005316007,0.151210868,1669,438,486,298,213,150,84,0.262432594,0.291192331,0.17855003,0.12762133,0.089874176,0.050329539,146,14,37,41,4,3,47,0.095890411,0.253424658,0.280821918,0.02739726,0.020547945,0.321917808
53,Point Breeze-RegentSquare,neighborhood group,6335,5272,299,230,217,317,0.832202052,0.047198106,0.036306235,0.034254144,0.050039463,24,0.003788477,215,0.033938437,1106,374,1698,1719,1438,0.174585635,0.059037096,0.268034728,0.271349645,0.226992897,6154,936,451,280,171,0.152096198,0.073285668,0.045498863,0.027786805,665,0.104972376,6268,620,247,100,0.098915124,0.039406509,0.015954052,2730,1658,1508,150,59,91,1072,849,223,0.607326007,0.552380952,0.054945055,0.021611722,0.033333333,0.392673993,0.310989011,0.081684982,2869,2730,139,0.951551063,0.048448937,2730,2053,677,0.752014652,0.247985348,5291,3874,3874,3832,42,0,1417,0.732186732,0.732186732,0.724248724,0.007938008,0,0.267813268,6321,260,434,0.041132732,0.068660022,4855,12,387,451,4005,0.002471679,0.079711637,0.092893924,0.82492276,3764,2067,322,70,161,12,1132,0.549149841,0.08554729,0.018597237,0.042773645,0.003188098,0.300743889,2730,254,229,275,232,850,890,0.093040293,0.083882784,0.100732601,0.084981685,0.311355311,0.326007326,247,84,27,67,22,0,47,0.340080972,0.109311741,0.271255061,0.089068826,0,0.190283401
54,Point Breeze North,neighborhood,1884,1119,503,99,22,141,0.593949045,0.266985138,0.052547771,0.011677282,0.074840764,19,0.010084926,67,0.035562633,226,203,970,193,292,0.119957537,0.107749469,0.514861996,0.102441614,0.154989384,1861,178,203,75,128,0.095647501,0.109081139,0.040300913,0.068780226,160,0.08492569,1872,409,68,0,0.218482906,0.036324786,0,1063,311,173,138,62,76,752,525,227,0.292568203,0.162746943,0.129821261,0.058325494,0.071495767,0.707431797,0.49388523,0.213546566,1236,1063,173,0.860032362,0.139967638,1063,417,646,0.392285983,0.607714017,1666,1277,1220,1180,40,57,389,0.766506603,0.732292917,0.708283313,0.024009604,0.034213685,0.233493397,1868,76,126,0.040685225,0.06745182,1455,0,107,248,1100,0,0.073539519,0.170446735,0.756013746,1214,559,127,0,1,183,344,0.460461285,0.10461285,0,0.000823723,0.150741351,0.283360791,1063,83,192,90,331,259,108,0.078080903,0.180620884,0.08466604,0.311382879,0.243650047,0.101599247,51,0,13,10,0,14,14,0,0.254901961,0.196078431,0,0.274509804,0.274509804
55,Polish Hill,neighborhood,1203,1019,98,4,7,75,0.847049044,0.081463009,0.003325021,0.005818786,0.06234414,0,0,2,0.00166251,152,81,412,280,278,0.12635079,0.067331671,0.34247714,0.232751455,0.231088944,1182,131,77,58,19,0.110829103,0.065143824,0.049069374,0.01607445,47,0.039068994,1192,186,106,9,0.156040268,0.088926174,0.007550336,617,240,192,48,11,37,377,285,92,0.38897893,0.311183144,0.077795786,0.017828201,0.059967585,0.61102107,0.46191248,0.14910859,864,617,247,0.71412037,0.28587963,617,315,302,0.510534846,0.489465154,1056,803,803,784,19,0,253,0.760416667,0.760416667,0.742424242,0.017992424,0,0.239583333,1203,26,133,0.021612635,0.110556941,970,61,218,244,447,0.062886598,0.224742268,0.251546392,0.460824742,758,483,104,62,44,0,65,0.637203166,0.137203166,0.081794195,0.058047493,0,0.085751979,617,157,110,82,102,115,51,0.25445705,0.17828201,0.132901135,0.165316045,0.186385737,0.082658023,27,0,7,6,0,0,14,0,0.259259259,0.222222222,0,0,0.518518519
56,Shadyside,neighborhood,14215,9753,672,2764,229,797,0.686106226,0.047274006,0.19444249,0.016109743,0.056067534,604,0.042490327,789,0.055504749,995,2923,6493,2031,1773,0.069996483,0.205627858,0.456771017,0.142877242,0.124727401,14054,784,3773,1247,2526,0.05578483,0.268464494,0.088729187,0.179735307,3653,0.256982061,14088,3945,2620,745,0.280025554,0.185973878,0.052881885,8114,2395,2104,291,42,249,5719,4230,1489,0.295168844,0.259304905,0.035863939,0.005176239,0.0306877,0.704831156,0.521321173,0.183509983,9082,8114,968,0.893415547,0.106584453,8114,2267,5847,0.279393641,0.720606359,13354,9350,9350,9077,273,0,4004,0.700164745,0.700164745,0.679721432,0.020443313,0,0.299835255,13678,1683,2565,0.123044305,0.187527416,10297,216,807,863,8411,0.020976984,0.078372341,0.083810819,0.816839856,8924,3354,1896,210,1157,81,2226,0.37584043,0.21246078,0.023532048,0.129650381,0.009076647,0.249439713,8114,1624,1281,1197,1063,1582,1367,0.200147893,0.157875277,0.1475228,0.131008134,0.194971654,0.168474242,300,71,24,101,10,47,47,0.236666667,0.08,0.336666667,0.033333333,0.156666667,0.156666667
57,South Oakland,neighborhood,3722,2511,630,378,87,116,0.674637292,0.169263837,0.101558302,0.02337453,0.03116604,85,0.022837184,92,0.024717894,199,2235,681,402,205,0.053465879,0.600483611,0.182966147,0.108006448,0.055077915,3692,184,2227,1915,312,0.049837486,0.6031961,0.518689057,0.084507042,501,0.134605051,3722,1603,781,136,0.430682429,0.209833423,0.036539495,1574,283,179,104,53,51,1291,746,545,0.179796696,0.113722999,0.066073698,0.033672173,0.032401525,0.820203304,0.473951715,0.346251588,1820,1574,246,0.864835165,0.135164835,1574,451,1123,0.286531131,0.713468869,3549,1662,1662,1604,58,0,1887,0.46830093,0.46830093,0.451958298,0.016342632,0,0.53169907,3635,1577,1984,0.433837689,0.545804677,1288,73,335,223,657,0.056677019,0.260093168,0.173136646,0.510093168,1537,515,175,80,583,53,131,0.335068315,0.113858165,0.052049447,0.379310345,0.034482759,0.085230969,1574,726,378,141,156,173,0,0.461245235,0.240152478,0.089580686,0.099110546,0.109911055,0,96,19,0,36,3,0,38,0.197916667,0,0.375,0.03125,0,0.395833333
58,South Shore,neighborhood,47,47,0,0,0,0,1,0,0,0,0,0,0,0,0,0,22,11,14,0,0,0.468085106,0.234042553,0.29787234,0,47,0,8,8,0,0,0.170212766,0.170212766,0,0,0,47,11,11,0,0.234042553,0.234042553,0,39,7,0,7,7,0,32,32,0,0.179487179,0,0.179487179,0.179487179,0,0.820512821,0.820512821,0,54,39,15,0.722222222,0.277777778,39,0,39,0,1,47,47,47,47,0,0,0,1,1,1,0,0,0,47,0,0,0,0,25,0,0,6,19,0,0,0.24,0.76,47,19,6,0,0,0,22,0.404255319,0.127659574,0,0,0,0.468085106,39,0,6,0,19,7,7,0,0.153846154,0,0.487179487,0.179487179,0.179487179,0,0,0,0,0,0,0,NA,NA,NA,NA,NA,NA
59,South Side Flats,neighborhood,7185,5872,845,184,14,270,0.817258177,0.117606124,0.025608907,0.001948504,0.037578288,9,0.00125261,84,0.011691023,406,2033,3376,745,625,0.056506611,0.282950592,0.46986778,0.103688239,0.086986778,7160,369,1217,677,540,0.051536313,0.169972067,0.094553073,0.075418994,616,0.085734168,7185,2565,927,13,0.356993737,0.129018789,0.001809325,4038,1008,657,351,124,227,3030,1879,1151,0.249628529,0.162704309,0.08692422,0.030708271,0.056215948,0.750371471,0.465329371,0.2850421,4713,4038,675,0.856779122,0.143220878,4038,1544,2494,0.382367509,0.617632491,6858,5039,5039,4975,64,0,1819,0.734762321,0.734762321,0.725430155,0.009332167,0,0.265237679,7185,1323,1719,0.184133612,0.239248434,4746,197,734,585,3230,0.041508639,0.154656553,0.123261694,0.680573114,4884,2934,271,28,300,0,1351,0.600737101,0.055487305,0.005733006,0.061425061,0,0.276617527,4038,967,428,584,419,1043,597,0.239474988,0.105993066,0.144626053,0.10376424,0.258296186,0.147845468,143,28,12,53,13,0,37,0.195804196,0.083916084,0.370629371,0.090909091,0,0.258741259
60,South Side Slopes,neighborhood,3964,3327,329,92,33,183,0.839303734,0.082996973,0.02320888,0.008324924,0.046165489,22,0.00554995,216,0.054490414,293,496,1710,990,475,0.073915237,0.125126135,0.431382442,0.24974773,0.119828456,3925,225,463,315,148,0.057324841,0.117961783,0.080254777,0.037707006,283,0.071392533,3958,635,148,22,0.160434563,0.037392623,0.005558363,2110,893,584,309,83,226,1217,848,369,0.423222749,0.276777251,0.146445498,0.039336493,0.107109005,0.576777251,0.401895735,0.174881517,2564,2110,454,0.822932917,0.177067083,2110,927,1183,0.439336493,0.560663507,3685,2742,2742,2619,123,0,943,0.744097693,0.744097693,0.710719132,0.033378562,0,0.255902307,3954,258,752,0.065250379,0.190187152,3175,125,828,880,1342,0.039370079,0.260787402,0.277165354,0.422677165,2606,1664,508,9,104,18,303,0.638526477,0.194934766,0.003453569,0.039907905,0.006907137,0.116270146,2110,427,577,394,185,386,141,0.202369668,0.273459716,0.186729858,0.087677725,0.182938389,0.066824645,86,2,0,76,3,0,5,0.023255814,0,0.88372093,0.034883721,0,0.058139535
61,Spring Hill-City View,neighborhood,2466,1604,673,10,21,158,0.650446067,0.272911598,0.00405515,0.008515815,0.064071371,97,0.039334955,0,0,553,45,678,643,547,0.224249797,0.018248175,0.274939173,0.260746148,0.221816707,2371,391,0,0,0,0.164909321,0,0,0,24,0.00973236,2399,628,19,0,0.26177574,0.007919967,0,1138,555,264,291,63,228,583,497,86,0.487697715,0.23198594,0.255711775,0.055360281,0.200351494,0.512302285,0.436731107,0.075571178,1303,1138,165,0.873369148,0.126630852,1138,643,495,0.565026362,0.434973638,1967,1047,1047,966,81,0,920,0.532282664,0.532282664,0.491103203,0.041179461,0,0.467717336,2307,255,683,0.11053316,0.296055483,1868,138,820,582,328,0.073875803,0.438972163,0.311563169,0.175588865,960,595,38,0,49,73,205,0.619791667,0.039583333,0,0.051041667,0.076041667,0.213541667,1138,408,285,204,86,134,21,0.358523726,0.250439367,0.179261863,0.075571178,0.117750439,0.018453427,247,24,73,93,9,0,48,0.097165992,0.295546559,0.376518219,0.036437247,0,0.194331984
62,Squirrel Hill North,neighborhood,11991,8626,577,2041,105,642,0.719372863,0.048119423,0.170210992,0.008756567,0.053540155,4057,0.338337086,572,0.047702443,1642,5098,2264,1533,1454,0.136936035,0.425152197,0.188808273,0.127845884,0.12125761,11773,1340,5416,4615,801,0.113819757,0.460035675,0.391998641,0.068037034,2059,0.171712117,11917,3730,2519,417,0.312998238,0.211378703,0.034992028,3262,1700,1591,109,28,81,1562,1018,544,0.521152667,0.487737584,0.033415083,0.008583691,0.024831392,0.478847333,0.312078479,0.166768853,3546,3262,284,0.919909757,0.080090243,3262,1856,1406,0.568976088,0.431023912,10547,6060,6018,5789,229,42,4487,0.574570968,0.570588793,0.548876458,0.021712335,0.003982175,0.425429032,7935,929,1165,0.117076244,0.146817895,5251,76,348,431,4396,0.014473434,0.066273091,0.082079604,0.837173872,5613,2331,447,90,1245,39,1461,0.415285943,0.079636558,0.016034206,0.221806521,0.006948156,0.260288616,3262,515,457,335,236,728,991,0.157878602,0.140098099,0.102697731,0.072348253,0.223175966,0.303801349,155,19,11,62,40,8,15,0.122580645,0.070967742,0.4,0.258064516,0.051612903,0.096774194
63,Squirrel Hill South,neighborhood,15071,11059,701,1851,159,1301,0.733793378,0.046513171,0.122818658,0.010550063,0.08632473,418,0.027735386,741,0.049167275,2765,1730,4759,2819,2998,0.183464933,0.114789994,0.315772012,0.187047973,0.198925088,14684,2297,2187,810,1377,0.156428766,0.148937619,0.055162081,0.093775538,3465,0.229911751,14983,1986,1239,443,0.132550224,0.08269372,0.029566842,6632,3092,2740,352,69,283,3540,2695,845,0.466224367,0.413148372,0.053075995,0.010404101,0.042671894,0.533775633,0.406363088,0.127412545,7318,6632,686,0.906258541,0.093741459,6632,2973,3659,0.448281062,0.551718938,12720,8022,8022,7826,196,0,4698,0.630660377,0.630660377,0.615251572,0.015408805,0,0.369339623,14624,1179,2362,0.080620897,0.161515317,10576,124,1143,1475,7834,0.01172466,0.108074887,0.139466717,0.740733737,7594,3959,1144,113,570,90,1718,0.521332631,0.150645246,0.014880169,0.075059257,0.011851462,0.226231235,6632,1406,1079,830,538,1621,1158,0.212002413,0.162696019,0.125150784,0.081121834,0.244420989,0.174607961,379,10,5,232,25,0,107,0.026385224,0.013192612,0.612137203,0.065963061,0,0.2823219
64,Stanton Heights,neighborhood,4555,2717,1618,50,27,143,0.596487377,0.35521405,0.010976948,0.005927552,0.031394072,60,0.013172338,52,0.011416026,731,287,1419,1039,1079,0.160482986,0.063007684,0.311525796,0.228100988,0.236882547,4378,542,320,209,111,0.123800822,0.073092736,0.047738693,0.025354043,191,0.041931943,4532,328,40,0,0.072374228,0.008826125,0,2202,1102,811,291,44,247,1100,950,150,0.500454133,0.368301544,0.132152589,0.019981835,0.112170754,0.499545867,0.431425976,0.068119891,2266,2202,64,0.971756399,0.028243601,2202,1790,412,0.812897366,0.187102634,3879,2450,2450,2366,84,0,1429,0.631606084,0.631606084,0.609951018,0.021655066,0,0.368393916,4425,315,435,0.071186441,0.098305085,3537,144,741,1027,1625,0.040712468,0.209499576,0.290359061,0.459428895,2270,1448,212,25,43,0,542,0.637885463,0.09339207,0.011013216,0.018942731,0,0.23876652,2202,349,265,476,441,553,118,0.15849228,0.120345141,0.216167121,0.20027248,0.251135332,0.053587648,223,0,53,113,19,12,26,0,0.237668161,0.506726457,0.085201794,0.053811659,0.116591928
65,Strip District,neighborhood,1471,1189,15,229,2,36,0.808293678,0.010197145,0.155676411,0.001359619,0.024473148,17,0.011556764,44,0.029911625,64,42,1110,180,75,0.043507818,0.028552005,0.754588715,0.122365738,0.050985724,1433,30,106,43,63,0.020935101,0.073970691,0.030006978,0.043963712,227,0.154316791,1464,608,296,32,0.415300546,0.202185792,0.021857923,1067,172,163,9,0,9,895,751,144,0.161199625,0.152764761,0.008434864,0,0.008434864,0.838800375,0.703842549,0.134957826,1358,1067,291,0.785714286,0.214285714,1067,88,979,0.082474227,0.917525773,1409,1269,1269,1172,97,0,140,0.900638751,0.900638751,0.8317956,0.068843151,0,0.099361249,1471,112,128,0.076138681,0.087015636,1365,2,73,67,1223,0.001465201,0.053479853,0.049084249,0.895970696,1160,551,45,9,138,29,388,0.475,0.038793103,0.007758621,0.118965517,0.025,0.334482759,1067,86,57,163,126,410,225,0.080599813,0.053420806,0.152764761,0.118088097,0.38425492,0.210871603,19,17,0,0,0,0,2,0.894736842,0,0,0,0,0.105263158
66,Swisshelm Park,neighborhood,1432,1285,80,27,0,40,0.897346369,0.055865922,0.018854749,0,0.027932961,5,0.00349162,26,0.018156425,279,111,395,353,294,0.194832402,0.077513966,0.275837989,0.24650838,0.205307263,1377,239,66,29,37,0.173565723,0.047930283,0.021060276,0.026870007,89,0.062150838,1426,74,18,0,0.051893408,0.012622721,0,597,378,303,75,30,45,219,190,29,0.633165829,0.507537688,0.125628141,0.050251256,0.075376884,0.366834171,0.318257956,0.048576214,617,597,20,0.967585089,0.032414911,597,508,89,0.850921273,0.149078727,1186,867,867,804,63,0,319,0.731028668,0.731028668,0.677908938,0.05311973,0,0.268971332,1432,23,66,0.016061453,0.046089385,1042,2,223,192,625,0.001919386,0.214011516,0.184261036,0.599808061,783,606,43,16,0,0,118,0.77394636,0.054916986,0.020434227,0,0,0.150702427,597,49,115,82,49,186,116,0.082077052,0.192629816,0.137353434,0.082077052,0.311557789,0.194304858,67,5,0,22,17,14,9,0.074626866,0,0.328358209,0.253731343,0.208955224,0.134328358
67,Terrace Village - West Oakland,neighborhood group,4488,1866,1993,438,63,128,0.415775401,0.444073084,0.097593583,0.014037433,0.028520499,1655,0.368761141,151,0.033645276,499,2228,761,592,408,0.111185383,0.496434938,0.16956328,0.131907308,0.090909091,4405,421,2289,2098,191,0.095573212,0.519636776,0.476276958,0.043359818,377,0.084001783,4420,1651,1057,58,0.373529412,0.239140271,0.013122172,1439,468,126,342,58,284,971,711,260,0.325225851,0.087560806,0.237665045,0.040305768,0.197359277,0.674774149,0.49409312,0.180681028,1725,1439,286,0.834202899,0.165797101,1439,178,1261,0.123697012,0.876302988,4046,1907,1907,1727,180,0,2139,0.471329708,0.471329708,0.426841325,0.044488384,0,0.528670292,2882,945,1515,0.327897294,0.525676613,1761,213,556,596,396,0.120954003,0.315729699,0.338444066,0.224872232,1588,572,365,4,351,39,257,0.360201511,0.229848866,0.002518892,0.221032746,0.024559194,0.161838791,1439,921,253,145,52,46,22,0.640027797,0.175816539,0.10076442,0.036136206,0.031966644,0.015288395,108,22,0,52,0,0,34,0.203703704,0,0.481481481,0,0,0.314814815
68,Troy Hill - Spring Garden,neighborhood group,3458,2650,460,83,106,159,0.766338924,0.13302487,0.024002313,0.030653557,0.045980335,5,0.001445922,157,0.045401966,455,187,1494,896,426,0.131578947,0.054077501,0.432041643,0.259109312,0.123192597,3356,298,151,102,49,0.088796186,0.044994041,0.030393325,0.014600715,209,0.06043956,3420,591,200,102,0.172807018,0.058479532,0.029824561,1765,811,528,283,86,197,954,833,121,0.459490085,0.299150142,0.160339943,0.048725212,0.111614731,0.540509915,0.471954674,0.068555241,2216,1765,451,0.796480144,0.203519856,1765,829,936,0.469688385,0.530311615,3056,2339,2339,2179,160,0,717,0.765379581,0.765379581,0.71302356,0.052356021,0,0.234620419,3458,147,409,0.042510121,0.11827646,2816,220,730,816,1050,0.078125,0.259232955,0.289772727,0.372869318,2106,1352,147,81,252,14,260,0.641975309,0.06980057,0.038461538,0.11965812,0.006647673,0.12345679,1765,211,520,221,273,363,177,0.119546742,0.294617564,0.125212465,0.154674221,0.205665722,0.100283286,96,10,29,46,0,0,11,0.104166667,0.302083333,0.479166667,0,0,0.114583333
69,Upper Hill,neighborhood,1960,324,1320,149,0,167,0.165306122,0.673469388,0.076020408,0,0.085204082,0,0,0,0,521,195,484,353,407,0.265816327,0.099489796,0.246938776,0.180102041,0.207653061,1846,358,236,110,126,0.193932828,0.127843987,0.059588299,0.068255688,122,0.062244898,1960,322,110,0,0.164285714,0.056122449,0,832,414,108,306,8,298,418,355,63,0.497596154,0.129807692,0.367788462,0.009615385,0.358173077,0.502403846,0.426682692,0.075721154,1093,832,261,0.761207685,0.238792315,832,445,387,0.534855769,0.465144231,1487,807,807,710,97,0,680,0.54270343,0.54270343,0.477471419,0.065232011,0,0.45729657,1960,234,339,0.119387755,0.172959184,1244,21,248,404,571,0.016881029,0.199356913,0.324758842,0.459003215,702,473,101,13,27,0,88,0.673789174,0.143874644,0.018518519,0.038461538,0,0.125356125,832,216,274,120,12,198,12,0.259615385,0.329326923,0.144230769,0.014423077,0.237980769,0.014423077,128,0,8,0,15,8,97,0,0.0625,0,0.1171875,0.0625,0.7578125
70,Upper Lawrenceville,neighborhood,2537,2190,254,44,0,49,0.863224281,0.10011825,0.017343319,0,0.019314151,6,0.002364998,36,0.014189988,217,107,1456,477,280,0.085534095,0.042175798,0.573906188,0.188017343,0.110366575,2494,141,208,97,111,0.056535686,0.08340016,0.038893344,0.044506816,199,0.078439101,2537,405,143,6,0.159637367,0.056365786,0.002364998,1138,446,322,124,60,64,692,367,325,0.391915641,0.282952548,0.108963093,0.052724077,0.056239016,0.608084359,0.322495606,0.285588752,1484,1138,346,0.766846361,0.233153639,1138,637,501,0.559753954,0.440246046,2350,1850,1844,1783,61,6,500,0.787234043,0.784680851,0.758723404,0.025957447,0.002553191,0.212765957,2536,141,406,0.055599369,0.160094637,2213,139,367,430,1277,0.062810664,0.165838229,0.194306371,0.577044736,1787,935,90,49,64,125,524,0.523223279,0.050363738,0.027420257,0.035814214,0.069949636,0.293228875,1138,144,160,253,179,322,80,0.126537786,0.14059754,0.222319859,0.157293497,0.282952548,0.07029877,40,0,0,11,10,0,19,0,0,0.275,0.25,0,0.475
71,West End - Elliott,neighborhood group,2712,1711,698,14,0,289,0.630899705,0.257374631,0.005162242,0,0.106563422,0,0,97,0.035766962,574,76,876,943,243,0.211651917,0.028023599,0.32300885,0.347713864,0.08960177,2583,399,79,79,0,0.154471545,0.030584592,0.030584592,0,0,0,2662,357,20,0,0.134109692,0.007513148,0,1385,675,302,373,88,285,710,665,45,0.487364621,0.218050542,0.269314079,0.063537906,0.205776173,0.512635379,0.480144404,0.032490975,1519,1385,134,0.911784068,0.088215932,1385,701,684,0.506137184,0.493862816,2164,1591,1573,1478,95,18,573,0.735212569,0.72689464,0.682994455,0.043900185,0.00831793,0.264787431,2692,278,486,0.103268945,0.180534918,2062,142,864,743,313,0.068865179,0.419010669,0.360329777,0.151794374,1464,1185,95,0,26,0,158,0.80942623,0.06489071,0,0.017759563,0,0.107923497,1385,375,479,137,234,124,36,0.270758123,0.345848375,0.098916968,0.168953069,0.089530686,0.02599278,95,33,14,10,11,0,27,0.347368421,0.147368421,0.105263158,0.115789474,0,0.284210526
72,Westwood - Ridgemont,neighborhood group,3491,2776,151,418,0,146,0.795187625,0.043254082,0.119736465,0,0.041821828,1,0.000286451,72,0.020624463,681,153,1175,941,541,0.195073045,0.043826984,0.336579777,0.269550272,0.154969923,3320,446,99,78,21,0.134337349,0.029819277,0.023493976,0.006325301,409,0.117158407,3366,157,14,0,0.0466429,0.004159239,0,1628,744,467,277,95,182,884,693,191,0.457002457,0.286855037,0.17014742,0.058353808,0.111793612,0.542997543,0.425675676,0.117321867,1729,1628,101,0.941584731,0.058415269,1628,1229,399,0.754914005,0.245085995,2903,2045,2045,1927,118,0,858,0.704443679,0.704443679,0.663796073,0.040647606,0,0.295556321,3491,52,193,0.014895445,0.055285019,2657,332,685,757,883,0.124952954,0.25780956,0.284907791,0.332329695,1855,1334,156,0,17,153,195,0.719137466,0.084097035,0,0.00916442,0.082479784,0.105121294,1628,172,399,400,252,386,19,0.105651106,0.245085995,0.245700246,0.154791155,0.237100737,0.011670762,228,21,41,76,21,0,69,0.092105263,0.179824561,0.333333333,0.092105263,0,0.302631579
