Index,NeighborhoodGroup,GeographyType,Var_2012_TotalPopulation,Var_2022_TotalPopulation,Var_Change_TotalPopulation,Var_ChangePer_TotalPopulation,Var_2012_Race_1,Var_2012_Race_2,Var_2012_Race_3,Var_2012_Race_4,Var_2012_Race_5,Var_2012_Race_Per_1,Var_2012_Race_Per_2,Var_2012_Race_Per_3,Var_2012_Race_Per_4,Var_2012_Race_Per_5,Var_2022_Race_1,Var_2022_Race_2,Var_2022_Race_3,Var_2022_Race_4,Var_2022_Race_5,Var_2022_Race_Per_1,Var_2022_Race_Per_2,Var_2022_Race_Per_3,Var_2022_Race_Per_4,Var_2022_Race_Per_5,Var_Change_Race_1,Var_Change_Race_2,Var_Change_Race_3,Var_Change_Race_4,Var_Change_Race_5,Var_ChangePer_Race_1,Var_ChangePer_Race_2,Var_ChangePer_Race_3,Var_ChangePer_Race_4,Var_ChangePer_Race_5,Var_2012_GroupQuarters,Var_2012_GroupQuartersPer,Var_2022_GroupQuarters,Var_2022_GroupQuartersPer,Var_Change_GroupQuarters,Var_ChangePer_GroupQuarters,Var_2012_Hispanic,Var_2012_Hispanic_Per,Var_2022_Hispanic,Var_2022_Hispanic_Per,Var_Change_Hispanic,Var_ChangePer_Hispanic,Var_2012_Age_1,Var_2012_Age_2,Var_2012_Age_3,Var_2012_Age_4,Var_2012_Age_5,Var_2012_Age_Per_1,Var_2012_Age_Per_2,Var_2012_Age_Per_3,Var_2012_Age_Per_4,Var_2012_Age_Per_5,Var_2022_Age_1,Var_2022_Age_2,Var_2022_Age_3,Var_2022_Age_4,Var_2022_Age_5,Var_2022_Age_Per_1,Var_2022_Age_Per_2,Var_2022_Age_Per_3,Var_2022_Age_Per_4,Var_2022_Age_Per_5,Var_Change_Age_1,Var_Change_Age_2,Var_Change_Age_3,Var_Change_Age_4,Var_Change_Age_5,Var_ChangePer_Age_1,Var_ChangePer_Age_2,Var_ChangePer_Age_3,Var_ChangePer_Age_4,Var_ChangePer_Age_5,Var_2012_School_1,Var_2012_School_2,Var_2012_School_3,Var_2012_School_4,Var_2012_School_5,Var_2012_School_Per_2,Var_2012_School_Per_3,Var_2012_School_Per_4,Var_2012_School_Per_5,Var_2022_School_1,Var_2022_School_2,Var_2022_School_3,Var_2022_School_4,Var_2022_School_5,Var_2022_School_Per_2,Var_2022_School_Per_3,Var_2022_School_Per_4,Var_2022_School_Per_5,Var_Change_School_1,Var_Change_School_2,Var_Change_School_3,Var_Change_School_4,Var_Change_School_5,Var_ChangePer_School_1,Var_ChangePer_School_2,Var_ChangePer_School_3,Var_ChangePer_School_4,Var_ChangePer_School_5,Var_2012_foreign_1,Var_2012_foreign_Per_1,Var_2022_foreign_1,Var_2022_foreign_Per_1,Var_Change_foreign_1,Var_ChangePer_foreign_1,Var_2012_mobility_1,Var_2012_mobility_2,Var_2012_mobility_3,Var_2012_mobility_4,Var_2012_mobility_Per_2,Var_2012_mobility_Per_3,Var_2012_mobility_Per_4,Var_2022_mobility_1,Var_2022_mobility_2,Var_2022_mobility_3,Var_2022_mobility_4,Var_2022_mobility_Per_2,Var_2022_mobility_Per_3,Var_2022_mobility_Per_4,Var_Change_mobility_1,Var_Change_mobility_2,Var_Change_mobility_3,Var_Change_mobility_4,Var_ChangePer_mobility_1,Var_ChangePer_mobility_2,Var_ChangePer_mobility_3,Var_ChangePer_mobility_4,Var_2012_hhtype_1,Var_2012_hhtype_2,Var_2012_hhtype_3,Var_2012_hhtype_4,Var_2012_hhtype_5,Var_2012_hhtype_6,Var_2012_hhtype_7,Var_2012_hhtype_8,Var_2012_hhtype_9,Var_2012_hhtype_Per_2,Var_2012_hhtype_Per_3,Var_2012_hhtype_Per_4,Var_2012_hhtype_Per_5,Var_2012_hhtype_Per_6,Var_2012_hhtype_Per_7,Var_2012_hhtype_Per_8,Var_2012_hhtype_Per_9,Var_2022_hhtype_1,Var_2022_hhtype_2,Var_2022_hhtype_3,Var_2022_hhtype_4,Var_2022_hhtype_5,Var_2022_hhtype_6,Var_2022_hhtype_7,Var_2022_hhtype_8,Var_2022_hhtype_9,Var_2022_hhtype_Per_2,Var_2022_hhtype_Per_3,Var_2022_hhtype_Per_4,Var_2022_hhtype_Per_5,Var_2022_hhtype_Per_6,Var_2022_hhtype_Per_7,Var_2022_hhtype_Per_8,Var_2022_hhtype_Per_9,Var_Change_hhtype_1,Var_Change_hhtype_2,Var_Change_hhtype_3,Var_Change_hhtype_4,Var_Change_hhtype_5,Var_Change_hhtype_6,Var_Change_hhtype_7,Var_Change_hhtype_8,Var_Change_hhtype_9,Var_ChangePer_hhtype_1,Var_ChangePer_hhtype_2,Var_ChangePer_hhtype_3,Var_ChangePer_hhtype_4,Var_ChangePer_hhtype_5,Var_ChangePer_hhtype_6,Var_ChangePer_hhtype_7,Var_ChangePer_hhtype_8,Var_ChangePer_hhtype_9,Var_2012_vacancy_1,Var_2012_vacancy_2,Var_2012_vacancy_3,Var_2012_vacancy_Per_2,Var_2012_vacancy_Per_3,Var_2022_vacancy_1,Var_2022_vacancy_2,Var_2022_vacancy_3,Var_2022_vacancy_Per_2,Var_2022_vacancy_Per_3,Var_vacancy_Change_1,Var_vacancy_Change_2,Var_vacancy_Change_3,Var_vacancy_ChangePer_1,Var_vacancy_ChangePer_2,Var_vacancy_ChangePer_3,Var_2012_tenure_1,Var_2012_tenure_2,Var_2012_tenure_3,Var_2012_tenure_Per_2,Var_2012_tenure_Per_3,Var_2022_tenure_1,Var_2022_tenure_2,Var_2022_tenure_3,Var_2022_tenure_Per_2,Var_2022_tenure_Per_3,Var_tenure_Change_1,Var_tenure_Change_2,Var_tenure_Change_3,Var_tenure_ChangePer_1,Var_tenure_ChangePer_2,Var_tenure_ChangePer_3,Var_2012_LF_1,Var_2012_LF_2,Var_2012_LF_3,Var_2012_LF_4,Var_2012_LF_5,Var_2012_LF_6,Var_2012_LF_7,Var_2012_LF_Per_2,Var_2012_LF_Per_3,Var_2012_LF_Per_4,Var_2012_LF_Per_5,Var_2012_LF_Per_6,Var_2012_LF_Per_7,Var_2022_LF_1,Var_2022_LF_2,Var_2022_LF_3,Var_2022_LF_4,Var_2022_LF_5,Var_2022_LF_6,Var_2022_LF_7,Var_2022_LF_Per_2,Var_2022_LF_Per_3,Var_2022_LF_Per_4,Var_2022_LF_Per_5,Var_2022_LF_Per_6,Var_2022_LF_Per_7,Var_LF_Change_1,Var_LF_Change_2,Var_LF_Change_3,Var_LF_Change_4,Var_LF_Change_5,Var_LF_Change_6,Var_LF_Change_7,Var_LF_ChangePer_1,Var_LF_ChangePer_2,Var_LF_ChangePer_3,Var_LF_ChangePer_4,Var_LF_ChangePer_5,Var_LF_ChangePer_6,Var_LF_ChangePer_7,Var_2012_poverty_1,Var_2012_poverty_2,Var_2012_poverty_3,Var_2012_poverty_Per_2,Var_2012_poverty_Per_3,Var_2022_poverty_1,Var_2022_poverty_2,Var_2022_poverty_3,Var_2022_poverty_Per_2,Var_2022_poverty_Per_3,Var_poverty_Change_1,Var_poverty_Change_2,Var_poverty_Change_3,Var_poverty_ChangePer_1,Var_poverty_ChangePer_2,Var_poverty_ChangePer_3,Var_2012_educ_1,Var_2012_educ_2,Var_2012_educ_3,Var_2012_educ_4,Var_2012_educ_5,Var_2012_educ_Per_2,Var_2012_educ_Per_3,Var_2012_educ_Per_4,Var_2012_educ_Per_5,Var_2022_educ_1,Var_2022_educ_2,Var_2022_educ_3,Var_2022_educ_4,Var_2022_educ_5,Var_2022_educ_Per_2,Var_2022_educ_Per_3,Var_2022_educ_Per_4,Var_2022_educ_Per_5,Var_educ_Change_1,Var_educ_Change_2,Var_educ_Change_3,Var_educ_Change_4,Var_educ_Change_5,Var_educ_ChangePer_1,Var_educ_ChangePer_2,Var_educ_ChangePer_3,Var_educ_ChangePer_4,Var_educ_ChangePer_5,Var_2012_commuting_1,Var_2012_commuting_2,Var_2012_commuting_3,Var_2012_commuting_4,Var_2012_commuting_5,Var_2012_commuting_6,Var_2012_commuting_7,Var_2012_commuting_Per_2,Var_2012_commuting_Per_3,Var_2012_commuting_Per_4,Var_2012_commuting_Per_5,Var_2012_commuting_Per_6,Var_2012_commuting_Per_7,Var_2022_commuting_1,Var_2022_commuting_2,Var_2022_commuting_3,Var_2022_commuting_4,Var_2022_commuting_5,Var_2022_commuting_6,Var_2022_commuting_7,Var_2022_commuting_Per_2,Var_2022_commuting_Per_3,Var_2022_commuting_Per_4,Var_2022_commuting_Per_5,Var_2022_commuting_Per_6,Var_2022_commuting_Per_7,Var_commuting_Change_1,Var_commuting_Change_2,Var_commuting_Change_3,Var_commuting_Change_4,Var_commuting_Change_5,Var_commuting_Change_6,Var_commuting_Change_7,Var_commuting_ChangePer_1,Var_commuting_ChangePer_2,Var_commuting_ChangePer_3,Var_commuting_ChangePer_4,Var_commuting_ChangePer_5,Var_commuting_ChangePer_6,Var_commuting_ChangePer_7,Var_2012_income_1,Var_2012_income_2,Var_2012_income_3,Var_2012_income_4,Var_2012_income_5,Var_2012_income_6,Var_2012_income_7,Var_2012_income_Per_2,Var_2012_income_Per_3,Var_2012_income_Per_4,Var_2012_income_Per_5,Var_2012_income_Per_6,Var_2012_income_Per_7,Var_2022_income_1,Var_2022_income_2,Var_2022_income_3,Var_2022_income_4,Var_2022_income_5,Var_2022_income_6,Var_2022_income_7,Var_2022_income_Per_2,Var_2022_income_Per_3,Var_2022_income_Per_4,Var_2022_income_Per_5,Var_2022_income_Per_6,Var_2022_income_Per_7,Var_income_Change_1,Var_income_Change_2,Var_income_Change_3,Var_income_Change_4,Var_income_Change_5,Var_income_Change_6,Var_income_Change_7,Var_income_ChangePer_1,Var_income_ChangePer_2,Var_income_ChangePer_3,Var_income_ChangePer_4,Var_income_ChangePer_5,Var_income_ChangePer_6,Var_income_ChangePer_7,Var_2012_vet_1,Var_2012_vet_2,Var_2012_vet_3,Var_2012_vet_4,Var_2012_vet_5,Var_2012_vet_6,Var_2012_vet_7,Var_2012_vet_Per_2,Var_2012_vet_Per_3,Var_2012_vet_Per_4,Var_2012_vet_Per_5,Var_2012_vet_Per_6,Var_2012_vet_Per_7,Var_2022_vet_1,Var_2022_vet_2,Var_2022_vet_3,Var_2022_vet_4,Var_2022_vet_5,Var_2022_vet_6,Var_2022_vet_7,Var_2022_vet_Per_2,Var_2022_vet_Per_3,Var_2022_vet_Per_4,Var_2022_vet_Per_5,Var_2022_vet_Per_6,Var_2022_vet_Per_7,Var_Change_vet_1,Var_Change_vet_2,Var_Change_vet_3,Var_Change_vet_4,Var_Change_vet_5,Var_Change_vet_6,Var_Change_vet_7,Var_ChangePer_vet_1,Var_ChangePer_vet_2,Var_ChangePer_vet_3,Var_ChangePer_vet_4,Var_ChangePer_vet_5,Var_ChangePer_vet_6,Var_ChangePer_vet_7
7,Allegheny Center-Allegheny West,neighborhood group,1234,2133,899,0.728525122,649,344,122,0,119,0.525931929,0.278768233,0.098865478,0,0.09643436,1457,318,248,17,93,0.683075481,0.149085795,0.116268167,0.007969995,0.043600563,808,-26,126,17,-26,1.244992296,-0.075581395,1.032786885,Inf,-0.218487395,51,0.041329011,42,0.019690577,-9,-0.176470588,3,0.002431118,51,0.023909986,48,16,150,201,366,295,222,0.121555916,0.162884927,0.296596434,0.239059968,0.179902755,98,309,1114,352,260,0.045944679,0.144866385,0.522269105,0.165025785,0.121894046,-52,108,748,57,38,-0.346666667,0.537313433,2.043715847,0.193220339,0.171171171,1217,133,188,109,79,0.109285127,0.154478225,0.089564503,0.064913722,2111,89,126,48,78,0.042160114,0.059687352,0.022738039,0.036949313,894,-44,-62,-61,-1,0.734593262,-0.330827068,-0.329787234,-0.559633028,-0.012658228,123,0.099675851,340,0.159399906,217,1.764227642,1234,367,235,48,0.297406807,0.190437601,0.038897893,2133,584,226,11,0.27379278,0.105954055,0.005157056,899,217,-9,-37,0.728525122,0.591280654,-0.038297872,-0.770833333,684,227,173,54,0,54,457,354,103,0.331871345,0.252923977,0.078947368,0,0.078947368,0.668128655,0.51754386,0.150584795,1484,264,198,66,13,53,1220,1010,210,0.177897574,0.133423181,0.044474394,0.008760108,0.035714286,0.822102426,0.680592992,0.141509434,800,37,25,12,13,-1,763,656,107,1.169590643,0.162995595,0.144508671,0.222222222,Inf,-0.018518519,1.669584245,1.853107345,1.038834951,1281,684,597,0.533957845,0.466042155,1629,1484,145,0.910988336,0.089011664,348,800,-452,0.271662763,1.169590643,-0.757118928,684,129,555,0.188596491,0.811403509,1484,178,1306,0.119946092,0.880053908,800,49,751,1.169590643,0.379844961,1.353153153,1097,630,630,581,49,0,467,0.574293528,0.574293528,0.529626253,0.044667274,0,0.425706472,2039,1606,1606,1526,80,0,433,0.787641,0.787641,0.748406081,0.039234919,0,0.212359,942,976,976,945,31,0,-34,0.858705561,1.549206349,1.549206349,1.626506024,0.632653061,NA,-0.072805139,1201,236,419,0.196502914,0.348875937,2123,146,315,0.068770608,0.148374941,922,-90,-104,0.767693589,-0.381355932,-0.248210024,883,137,163,182,401,0.155152888,0.184597961,0.206115515,0.454133635,1726,55,180,266,1225,0.031865585,0.10428737,0.154113557,0.709733488,843,-82,17,84,824,0.954699887,-0.598540146,0.104294479,0.461538462,2.054862843,581,264,64,6,214,5,28,0.454388985,0.110154905,0.010327022,0.368330465,0.008605852,0.048192771,1520,586,126,0,385,7,416,0.385526316,0.082894737,0,0.253289474,0.004605263,0.273684211,939,322,62,-6,171,2,388,1.616179002,1.21969697,0.96875,-1,0.799065421,0.4,13.85714286,684,332,128,96,44,66,18,0.485380117,0.187134503,0.140350877,0.064327485,0.096491228,0.026315789,1484,261,321,232,224,376,70,0.175876011,0.216307278,0.156334232,0.150943396,0.253369272,0.047169811,800,-71,193,136,180,310,52,1.169590643,-0.213855422,1.5078125,1.416666667,4.090909091,4.696969697,2.888888889,114,10,0,72,0,0,32,0.087719298,0,0.631578947,0,0,0.280701754,82,0,22,30,9,0,21,0,0.268292683,0.365853659,0.109756098,0,0.256097561,-32,-10,22,-42,9,0,-11,-0.280701754,-1,Inf,-0.583333333,Inf,NA,-0.34375
9,Arlington - Arlington Heights - Mount Oliver(City Neighborhood) - St. Clair,neighborhood group,3195,2902,-293,-0.09170579,1995,1190,0,5,5,0.624413146,0.372456964,0,0.001564945,0.001564945,1565,1119,0,0,218,0.539283253,0.385596141,0,0,0.075120606,-430,-71,0,-5,213,-0.215538847,-0.059663866,NA,-1,42.6,0,0,0,0,0,NA,30,0.009389671,11,0.003790489,-19,-0.633333333,1021,336,667,836,335,0.319561815,0.105164319,0.208763693,0.261658842,0.10485133,707,265,975,633,322,0.243625086,0.091316334,0.33597519,0.218125431,0.11095796,-314,-71,308,-203,-13,-0.307541626,-0.211309524,0.461769115,-0.242822967,-0.03880597,3103,851,203,179,24,0.274250725,0.065420561,0.05768611,0.007734451,2873,661,104,88,16,0.230073094,0.036199095,0.030630003,0.005569092,-230,-190,-99,-91,-8,-0.074121818,-0.223266745,-0.487684729,-0.508379888,-0.333333333,4,0.001251956,8,0.00275672,4,1,3165,275,0,0,0.086887836,0,0,2902,282,76,0,0.097174363,0.026188835,0,-263,7,76,0,-0.083096367,0.025454545,Inf,NA,1214,797,313,484,51,433,417,344,73,0.656507414,0.257825371,0.398682043,0.042009885,0.356672158,0.343492586,0.283360791,0.060131796,1170,821,326,495,43,452,349,258,91,0.701709402,0.278632479,0.423076923,0.036752137,0.386324786,0.298290598,0.220512821,0.077777778,-44,24,13,11,-8,19,-68,-86,18,-0.036243822,0.030112923,0.041533546,0.022727273,-0.156862745,0.043879908,-0.163069544,-0.25,0.246575342,1488,1214,274,0.815860215,0.184139785,1336,1170,166,0.875748503,0.124251497,-152,-44,-108,-0.102150538,-0.036243822,-0.394160584,1214,717,497,0.590609555,0.409390445,1170,562,608,0.48034188,0.51965812,-44,-155,111,-0.036243822,-0.216178522,0.22334004,2357,1459,1459,1297,162,0,898,0.619007213,0.619007213,0.550275774,0.068731438,0,0.380992787,2333,1605,1605,1374,231,0,728,0.687955422,0.687955422,0.588941277,0.099014145,0,0.312044578,-24,146,146,77,69,0,-170,-0.010182435,0.10006854,0.10006854,0.059367772,0.425925926,NA,-0.189309577,3189,460,1066,0.144245845,0.334274067,2902,547,662,0.188490696,0.228118539,-287,87,-404,-0.089996864,0.189130435,-0.378986867,1838,320,850,509,159,0.174102285,0.462459195,0.276931447,0.086507073,1930,96,897,661,276,0.049740933,0.464766839,0.342487047,0.143005181,92,-224,47,152,117,0.050054407,-0.7,0.055294118,0.298624754,0.735849057,1244,879,195,7,86,41,36,0.70659164,0.156752412,0.00562701,0.069131833,0.032958199,0.028938907,1341,1022,142,0,0,12,165,0.762117823,0.105891126,0,0,0.008948546,0.123042506,97,143,-53,-7,-86,-29,129,0.077974277,0.162684869,-0.271794872,-1,-1,-0.707317073,3.583333333,1214,593,271,225,95,28,2,0.488467875,0.223228995,0.185337727,0.078253707,0.02306425,0.001647446,1170,375,164,176,215,160,80,0.320512821,0.14017094,0.15042735,0.183760684,0.136752137,0.068376068,-44,-218,-107,-49,120,132,78,-0.036243822,-0.36762226,-0.394833948,-0.217777778,1.263157895,4.714285714,39,166,0,26,75,18,12,35,0,0.156626506,0.451807229,0.108433735,0.072289157,0.210843373,137,45,7,40,5,0,40,0.328467153,0.051094891,0.291970803,0.03649635,0,0.291970803,-29,45,-19,-35,-13,-12,5,-0.174698795,Inf,-0.730769231,-0.466666667,-0.722222222,-1,0.142857143
13,Beltzhoover - Bon Air,neighborhood group,2950,2955,5,0.001694915,980,1760,26,62,122,0.33220339,0.596610169,0.008813559,0.021016949,0.041355932,1308,1250,0,339,58,0.442639594,0.423011844,0,0.114720812,0.01962775,328,-510,-26,277,-64,0.334693878,-0.289772727,-1,4.467741935,-0.524590164,5,0.001694915,0,0,-5,-1,69,0.023389831,364,0.123181049,295,4.275362319,665,261,730,775,519,0.225423729,0.088474576,0.247457627,0.262711864,0.175932203,928,176,770,715,366,0.314043993,0.059560068,0.260575296,0.241962775,0.123857868,263,-85,40,-60,-153,0.395488722,-0.325670498,0.054794521,-0.077419355,-0.294797688,2824,466,269,248,21,0.165014164,0.095254958,0.087818697,0.007436261,2820,675,57,49,8,0.239361702,0.020212766,0.017375887,0.002836879,-4,209,-212,-199,-13,-0.001416431,0.448497854,-0.788104089,-0.802419355,-0.619047619,103,0.034915254,78,0.026395939,-25,-0.242718447,2912,323,109,0,0.11092033,0.037431319,0,2856,406,21,0,0.142156863,0.007352941,0,-56,83,-88,0,-0.019230769,0.256965944,-0.80733945,NA,1243,761,411,350,94,256,482,422,60,0.612228479,0.330651649,0.28157683,0.075623492,0.205953339,0.387771521,0.339501207,0.048270314,1129,694,350,344,42,302,435,335,100,0.614703277,0.310008857,0.30469442,0.037201063,0.267493357,0.385296723,0.296722764,0.088573959,-114,-67,-61,-6,-52,46,-47,-87,40,-0.091713596,-0.08804205,-0.148418491,-0.017142857,-0.553191489,0.1796875,-0.097510373,-0.206161137,0.666666667,1559,1243,316,0.797305965,0.202694035,1298,1129,169,0.869799692,0.130200308,-261,-114,-147,-0.16741501,-0.091713596,-0.465189873,1243,854,389,0.687047466,0.312952534,1129,730,399,0.646589903,0.353410097,-114,-124,10,-0.091713596,-0.145199063,0.025706941,2404,1450,1445,1248,197,5,954,0.603161398,0.601081531,0.519134775,0.081946755,0.002079867,0.396838602,2129,1453,1453,1410,43,0,676,0.682480038,0.682480038,0.662282762,0.020197276,0,0.317519962,-275,3,8,162,-154,-5,-278,-0.114392679,0.002068966,0.005536332,0.129807692,-0.781725888,-1,-0.291404612,2917,251,582,0.086047309,0.199520055,2955,412,928,0.139424704,0.314043993,38,161,346,0.013027083,0.641434263,0.594501718,2024,349,757,641,277,0.17243083,0.374011858,0.316699605,0.136857708,1851,141,816,424,470,0.076175041,0.440842788,0.22906537,0.253916802,-173,-208,59,-217,193,-0.085474308,-0.595988539,0.077939234,-0.338533541,0.696750903,1205,750,368,0,44,16,27,0.622406639,0.305394191,0,0.036514523,0.013278008,0.022406639,1350,847,245,0,70,56,132,0.627407407,0.181481481,0,0.051851852,0.041481481,0.097777778,145,97,-123,0,26,40,105,0.12033195,0.129333333,-0.33423913,NA,0.590909091,2.5,3.888888889,1243,500,224,229,198,92,0,0.402252615,0.180209171,0.184231698,0.159292035,0.074014481,0,1129,276,338,130,183,194,8,0.244464128,0.299379982,0.115146147,0.162090345,0.171833481,0.007085917,-114,-224,114,-99,-15,102,8,-0.091713596,-0.448,0.508928571,-0.43231441,-0.075757576,1.108695652,Inf,234,0,80,52,39,34,29,0,0.341880342,0.222222222,0.166666667,0.145299145,0.123931624,183,0,0,59,9,0,115,0,0,0.322404372,0.049180328,0,0.628415301,-51,0,-80,7,-30,-34,86,-0.217948718,NA,-1,0.134615385,-0.769230769,-1,2.965517241
19,Central Business District - Crawford Roberts,neighborhood group,6689,7354,665,0.099416953,2955,3076,325,130,203,0.44177007,0.459859471,0.048587233,0.019434893,0.030348333,3800,2407,696,52,399,0.516725592,0.327304868,0.094642371,0.007070982,0.054256187,845,-669,371,-78,196,0.285956007,-0.217490247,1.141538462,-0.6,0.965517241,2172,0.324712214,1474,0.200435137,-698,-0.321362799,286,0.042756765,327,0.044465597,41,0.143356643,568,1913,1876,1295,1037,0.084915533,0.285991927,0.280460457,0.193601435,0.155030647,462,2249,2462,1130,1051,0.062822953,0.305819962,0.334783791,0.153657873,0.14291542,-106,336,586,-165,14,-0.186619718,0.175640355,0.312366738,-0.127413127,0.013500482,6595,452,1443,1311,132,0.06853677,0.218802123,0.19878696,0.020015163,7305,349,2050,1720,330,0.047775496,0.280629706,0.235455168,0.045174538,710,-103,607,409,198,0.107657316,-0.227876106,0.420651421,0.311975591,1.5,615,0.091941994,805,0.109464237,190,0.308943089,6668,2658,895,60,0.398620276,0.134223155,0.0089982,7345,2396,1498,85,0.326208305,0.203948264,0.011572498,677,-262,603,25,0.101529694,-0.098570354,0.673743017,0.416666667,3006,670,250,420,47,373,2336,2082,254,0.222887558,0.083166999,0.139720559,0.015635396,0.124085163,0.777112442,0.69261477,0.084497671,3675,1031,580,451,26,425,2644,2181,463,0.280544218,0.157823129,0.122721088,0.00707483,0.115646259,0.719455782,0.593469388,0.125986395,669,361,330,31,-21,52,308,99,209,0.22255489,0.53880597,1.32,0.073809524,-0.446808511,0.139410188,0.131849315,0.047550432,0.822834646,3529,3006,523,0.851799377,0.148200623,4841,3675,1166,0.759140673,0.240859327,1312,669,643,0.371776707,0.22255489,1.229445507,3006,721,2285,0.239853626,0.760146374,3675,656,3019,0.178503401,0.821496599,669,-65,734,0.22255489,-0.090152566,0.321225383,6189,2662,2662,2339,323,0,3527,0.430117951,0.430117951,0.377928583,0.052189368,0,0.569882049,6952,4493,4493,4090,403,0,2459,0.646288838,0.646288838,0.588319908,0.05796893,0,0.353711162,763,1831,1831,1751,80,0,-1068,0.123283244,0.6878287,0.6878287,0.748610517,0.247678019,NA,-0.302806918,4732,994,1951,0.210059172,0.412299239,6027,596,1405,0.098888336,0.233117637,1295,-398,-546,0.273668639,-0.400402414,-0.279856484,4208,497,1531,922,1258,0.118108365,0.363830798,0.219106464,0.298954373,4643,162,713,1218,2550,0.034891234,0.153564506,0.26233039,0.54921387,435,-335,-818,296,1292,0.103374525,-0.674044266,-0.534291313,0.321041215,1.027027027,2286,812,368,13,901,72,120,0.355205599,0.160979878,0.005686789,0.394138233,0.031496063,0.052493438,3926,1056,464,48,1663,54,641,0.268976057,0.118186449,0.012226184,0.423586347,0.013754457,0.163270504,1640,244,96,35,762,-18,521,0.717410324,0.300492611,0.260869565,2.692307692,0.84572697,-0.25,4.341666667,3006,1501,572,324,186,205,218,0.499334664,0.190286094,0.107784431,0.061876248,0.068196939,0.072521623,3675,984,457,679,316,754,485,0.267755102,0.124353741,0.184761905,0.085986395,0.205170068,0.131972789,669,-517,-115,355,130,549,267,0.22255489,-0.344437042,-0.201048951,1.095679012,0.698924731,2.67804878,1.224770642,377,25,33,122,51,31,115,0.066312997,0.087533156,0.323607427,0.135278515,0.082228117,0.305039788,165,27,42,77,3,0,16,0.163636364,0.254545455,0.466666667,0.018181818,0,0.096969697,-212,2,9,-45,-48,-31,-99,-0.562334218,0.08,0.272727273,-0.368852459,-0.941176471,-1,-0.860869565
25,East Allegheny-North Shore,neighborhood group,2508,1924,-584,-0.232854864,1618,779,33,23,55,0.645135566,0.310606061,0.013157895,0.009170654,0.021929825,1162,533,21,82,126,0.603950104,0.277027027,0.010914761,0.042619543,0.065488565,-456,-246,-12,59,71,-0.281829419,-0.315789474,-0.363636364,2.565217391,1.290909091,131,0.052232855,33,0.017151767,-98,-0.748091603,64,0.025518341,62,0.032224532,-2,-0.03125,251,223,904,812,318,0.100079745,0.08891547,0.360446571,0.323763955,0.126794258,118,126,821,588,271,0.061330561,0.065488565,0.426715177,0.305613306,0.140852391,-133,-97,-83,-224,-47,-0.529880478,-0.434977578,-0.091814159,-0.275862069,-0.147798742,2431,180,207,113,94,0.074043603,0.085150144,0.046482929,0.038667215,1879,73,87,78,9,0.038850452,0.046301224,0.041511442,0.004789782,-552,-107,-120,-35,-85,-0.227067051,-0.594444444,-0.579710145,-0.309734513,-0.904255319,140,0.055821372,137,0.071205821,-3,-0.021428571,2499,455,214,56,0.182072829,0.085634254,0.022408964,1924,214,43,0,0.111226611,0.022349272,0,-575,-241,-171,-56,-0.230092037,-0.52967033,-0.799065421,-1,1409,408,254,154,15,139,1001,853,148,0.289567069,0.180269695,0.109297374,0.010645848,0.098651526,0.710432931,0.605393896,0.105039035,1314,235,142,93,46,47,1079,885,194,0.178843227,0.108066971,0.070776256,0.03500761,0.035768645,0.821156773,0.673515982,0.147640791,-95,-173,-112,-61,31,-92,78,32,46,-0.067423705,-0.424019608,-0.440944882,-0.396103896,2.066666667,-0.661870504,0.077922078,0.037514654,0.310810811,1936,1409,527,0.727789256,0.272210744,1585,1314,271,0.829022082,0.170977918,-351,-95,-256,-0.181301653,-0.067423705,-0.485768501,1409,423,986,0.300212917,0.699787083,1314,459,855,0.349315068,0.650684932,-95,36,-131,-0.067423705,0.085106383,-0.132860041,2306,1346,1346,1199,147,0,960,0.583694709,0.583694709,0.519947962,0.063746748,0,0.416305291,1806,1097,1097,1004,93,0,709,0.607419712,0.607419712,0.555924695,0.051495017,0,0.392580288,-500,-249,-249,-195,-54,0,-251,-0.216825672,-0.184992571,-0.184992571,-0.16263553,-0.367346939,NA,-0.261458333,2404,299,725,0.12437604,0.301580699,1924,265,497,0.137733888,0.258316008,-480,-34,-228,-0.199667221,-0.113712375,-0.314482759,2034,395,567,456,616,0.194198623,0.278761062,0.224188791,0.302851524,1680,278,357,294,751,0.16547619,0.2125,0.175,0.44702381,-354,-117,-210,-162,135,-0.174041298,-0.296202532,-0.37037037,-0.355263158,0.219155844,1133,512,143,12,416,9,41,0.451897617,0.126213592,0.01059135,0.367166814,0.007943513,0.036187114,983,425,144,50,124,32,208,0.432349949,0.146490336,0.0508647,0.126144456,0.032553408,0.211597152,-150,-87,1,38,-292,23,167,-0.13239188,-0.169921875,0.006993007,3.166666667,-0.701923077,2.555555556,4.073170732,1409,682,277,168,123,121,38,0.484031228,0.196593329,0.119233499,0.087295955,0.085876508,0.026969482,1314,393,327,177,112,167,138,0.299086758,0.248858447,0.134703196,0.085235921,0.127092846,0.105022831,-95,-289,50,9,-11,46,100,-0.067423705,-0.423753666,0.180505415,0.053571429,-0.089430894,0.380165289,2.631578947,242,12,8,139,34,10,39,0.049586777,0.033057851,0.574380165,0.140495868,0.041322314,0.161157025,161,50,13,54,0,16,28,0.310559006,0.080745342,0.335403727,0,0.099378882,0.173913043,-81,38,5,-85,-34,6,-11,-0.334710744,3.166666667,0.625,-0.611510791,-1,0.6,-0.282051282
26,East Carnegie - Oakwood,neighborhood group,1644,1560,-84,-0.051094891,1472,113,0,7,52,0.895377129,0.068734793,0,0.004257908,0.03163017,1246,63,65,30,156,0.798717949,0.040384615,0.041666667,0.019230769,0.1,-226,-50,65,23,104,-0.153532609,-0.442477876,Inf,3.285714286,2,42,0.025547445,56,0.035897436,14,0.333333333,4,0.00243309,55,0.03525641,51,12.75,271,68,555,491,259,0.164841849,0.04136253,0.337591241,0.2986618,0.157542579,327,75,448,395,315,0.209615385,0.048076923,0.287179487,0.253205128,0.201923077,56,7,-107,-96,56,0.206642066,0.102941176,-0.192792793,-0.195519348,0.216216216,1597,223,86,48,38,0.139636819,0.053850971,0.030056356,0.023794615,1503,201,110,107,3,0.133732535,0.073186959,0.071190951,0.001996008,-94,-22,24,59,-35,-0.058860363,-0.098654709,0.279069767,1.229166667,-0.921052632,38,0.023114355,152,0.097435897,114,3,1632,162,11,6,0.099264706,0.006740196,0.003676471,1553,85,67,43,0.054732775,0.043142305,0.027688345,-79,-77,56,37,-0.048406863,-0.475308642,5.090909091,6.166666667,773,388,243,145,12,133,385,336,49,0.501940492,0.314359638,0.187580854,0.015523933,0.172056921,0.498059508,0.434670116,0.063389392,749,385,275,110,58,52,364,317,47,0.514018692,0.367156208,0.146862483,0.077436582,0.069425901,0.485981308,0.423230975,0.062750334,-24,-3,32,-35,46,-81,-21,-19,-2,-0.031047865,-0.007731959,0.131687243,-0.24137931,3.833333333,-0.609022556,-0.054545455,-0.056547619,-0.040816327,841,773,68,0.919143876,0.080856124,844,749,95,0.887440758,0.112559242,3,-24,27,0.003567182,-0.031047865,0.397058824,773,450,323,0.582147477,0.417852523,749,422,327,0.563417891,0.436582109,-24,-28,4,-0.031047865,-0.062222222,0.012383901,1389,898,898,831,67,0,491,0.646508279,0.646508279,0.598272138,0.048236141,0,0.353491721,1261,790,790,728,62,0,471,0.626486915,0.626486915,0.577319588,0.049167328,0,0.373513085,-128,-108,-108,-103,-5,0,-20,-0.092152628,-0.120267261,-0.120267261,-0.123947052,-0.074626866,NA,-0.040733198,1621,172,227,0.106107341,0.140037014,1527,55,187,0.036018337,0.122462344,-94,-117,-40,-0.057988896,-0.680232558,-0.176211454,1305,101,576,323,305,0.077394636,0.44137931,0.247509579,0.233716475,1158,63,368,350,377,0.054404145,0.317789292,0.30224525,0.325561313,-147,-38,-208,27,72,-0.112643678,-0.376237624,-0.361111111,0.083591331,0.236065574,822,707,71,0,19,18,7,0.860097324,0.086374696,0,0.023114355,0.02189781,0.008515815,723,534,43,0,26,0,120,0.738589212,0.059474412,0,0.035961272,0,0.165975104,-99,-173,-28,0,7,-18,113,-0.120437956,-0.244695898,-0.394366197,NA,0.368421053,-1,16.14285714,773,305,173,80,143,60,12,0.394566624,0.223803364,0.103492885,0.184993532,0.077619664,0.015523933,749,178,154,161,128,118,10,0.2376502,0.205607477,0.214953271,0.170894526,0.157543391,0.013351135,-24,-127,-19,81,-15,58,-2,-0.031047865,-0.416393443,-0.10982659,1.0125,-0.104895105,0.966666667,-0.166666667,129,22,0,62,11,9,25,0.170542636,0,0.480620155,0.085271318,0.069767442,0.19379845,86,13,11,32,8,5,17,0.151162791,0.127906977,0.372093023,0.093023256,0.058139535,0.197674419,-43,-9,11,-30,-3,-4,-8,-0.333333333,-0.409090909,Inf,-0.483870968,-0.272727273,-0.444444444,-0.32
29,Esplen-Sheraden-ChartiersCity-Windgap-Fairywood,neighborhood group,8137,8683,546,0.067100897,4391,3108,274,102,262,0.539633772,0.381958953,0.033673344,0.012535332,0.032198599,3764,3731,380,40,768,0.433490729,0.429690199,0.043763676,0.004606703,0.088448693,-627,623,106,-62,506,-0.142792075,0.20045045,0.386861314,-0.607843137,1.93129771,29,0.003563967,82,0.009443741,53,1.827586207,260,0.031952808,260,0.029943568,0,0,1957,828,1961,2162,1229,0.240506329,0.101757404,0.240997911,0.265699889,0.151038466,1736,680,3123,2053,1091,0.199930899,0.078313947,0.359668317,0.236439019,0.125647818,-221,-148,1162,-109,-138,-0.112927951,-0.178743961,0.592554819,-0.050416281,-0.112286412,7942,1689,443,375,68,0.212666835,0.055779401,0.047217326,0.008562075,8105,1194,878,495,383,0.147316471,0.108328192,0.061073411,0.047254781,163,-495,435,120,315,0.020523798,-0.293072824,0.981941309,0.32,4.632352941,371,0.045594199,717,0.082575147,346,0.932614555,7997,1575,186,36,0.196948856,0.023258722,0.004501688,8496,1140,265,53,0.134180791,0.031191149,0.00623823,499,-435,79,17,0.062398399,-0.276190476,0.424731183,0.472222222,3396,1976,1022,954,113,841,1420,1180,240,0.581861013,0.300942285,0.280918728,0.033274441,0.247644287,0.418138987,0.347467609,0.070671378,3540,2086,1364,722,139,583,1454,1147,307,0.589265537,0.385310734,0.203954802,0.039265537,0.164689266,0.410734463,0.324011299,0.086723164,144,110,342,-232,26,-258,34,-33,67,0.042402827,0.055668016,0.334637965,-0.243186583,0.230088496,-0.306777646,0.023943662,-0.027966102,0.279166667,4183,3396,787,0.811857519,0.188142481,4018,3540,478,0.881035341,0.118964659,-165,144,-309,-0.039445374,0.042402827,-0.392630241,3396,2134,1262,0.628386337,0.371613663,3540,1930,1610,0.54519774,0.45480226,144,-204,348,0.042402827,-0.095595127,0.275752773,6398,4115,4101,3466,635,14,2283,0.643169741,0.640981557,0.541731791,0.099249766,0.002188184,0.356830259,7018,4368,4338,3910,428,30,2650,0.622399544,0.618124822,0.557138786,0.060986036,0.004274722,0.377600456,620,253,237,444,-207,16,367,0.096905283,0.061482382,0.057790783,0.128101558,-0.325984252,1.142857143,0.160753395,8137,533,2060,0.065503257,0.253164557,8683,935,1526,0.107681677,0.17574571,546,402,-534,0.067100897,0.754221388,-0.259223301,5352,748,2138,1605,861,0.139760837,0.399476831,0.299887892,0.160874439,6267,569,2023,1758,1917,0.090793043,0.322801979,0.280516994,0.305887985,915,-179,-115,153,1056,0.170964126,-0.239304813,-0.053788587,0.095327103,1.226480836,3412,2524,613,6,64,92,113,0.739742087,0.179660023,0.001758499,0.018757327,0.026963658,0.033118406,3752,2651,465,0,106,93,437,0.706556503,0.123933902,0,0.028251599,0.02478678,0.116471215,340,127,-148,-6,42,1,324,0.0996483,0.050316957,-0.241435563,-1,0.65625,0.010869565,2.867256637,3396,1246,936,663,321,220,10,0.366902238,0.275618375,0.195229682,0.094522968,0.064782097,0.002944641,3540,756,763,771,511,642,97,0.213559322,0.215536723,0.21779661,0.144350282,0.181355932,0.02740113,144,-490,-173,108,190,422,87,0.042402827,-0.393258427,-0.18482906,0.162895928,0.591900312,1.918181818,8.7,691,156,51,191,70,28,195,0.225759768,0.073806078,0.276410999,0.10130246,0.040520984,0.282199711,560,84,121,186,22,0,147,0.15,0.216071429,0.332142857,0.039285714,0,0.2625,-131,-72,70,-5,-48,-28,-48,-0.189580318,-0.461538462,1.37254902,-0.02617801,-0.685714286,-1,-0.246153846
34,Hazelwood-Glen Hazel -New Homestead-Hays,neighborhood group,6297,5697,-600,-0.095283468,3514,2458,67,16,242,0.558043513,0.390344609,0.010639987,0.002540892,0.038430999,3074,2002,38,48,535,0.539582236,0.351413024,0.006670177,0.008425487,0.093909075,-440,-456,-29,32,293,-0.125213432,-0.18551668,-0.432835821,2,1.210743802,199,0.03160235,234,0.04107425,35,0.175879397,119,0.018897888,250,0.043882745,131,1.100840336,1486,372,1484,1551,1404,0.23598539,0.05907575,0.235667778,0.246307766,0.222963316,1300,470,1221,1291,1415,0.228190276,0.082499561,0.214323328,0.226610497,0.248376338,-186,98,-263,-260,11,-0.125168237,0.26344086,-0.17722372,-0.167633785,0.007834758,6059,1189,341,315,26,0.196237003,0.056279914,0.051988777,0.004291137,5507,1000,97,89,8,0.181587071,0.017613946,0.016161249,0.001452697,-552,-189,-244,-226,-18,-0.091104143,-0.158957107,-0.715542522,-0.717460317,-0.692307692,207,0.032872797,126,0.022116904,-81,-0.391304348,6222,882,17,0,0.141755063,0.00273224,0,5543,529,14,0,0.095435685,0.002525708,0,-679,-353,-3,0,-0.109128897,-0.400226757,-0.176470588,NA,2624,1505,902,603,145,458,1119,890,229,0.573551829,0.34375,0.229801829,0.055259146,0.174542683,0.426448171,0.339176829,0.087271341,2491,1255,577,678,84,594,1236,1047,189,0.503813729,0.231633882,0.272179847,0.033721397,0.23845845,0.496186271,0.420313127,0.075873143,-133,-250,-325,75,-61,136,117,157,-40,-0.050685976,-0.166112957,-0.360310421,0.124378109,-0.420689655,0.296943231,0.104557641,0.176404494,-0.174672489,3221,2624,597,0.814653834,0.185346166,3012,2491,521,0.827025232,0.172974768,-209,-133,-76,-0.064886681,-0.050685976,-0.127303183,2624,1447,1177,0.551448171,0.448551829,2491,1331,1160,0.534323565,0.465676435,-133,-116,-17,-0.050685976,-0.08016586,-0.0144435,5130,2762,2762,2483,279,0,2368,0.538401559,0.538401559,0.484015595,0.054385965,0,0.461598441,4562,2319,2319,2005,314,0,2243,0.50832968,0.50832968,0.439500219,0.068829461,0,0.49167032,-568,-443,-443,-478,35,0,-125,-0.110721248,-0.160391021,-0.160391021,-0.192509062,0.125448029,NA,-0.052787162,6084,589,1259,0.096811308,0.206936226,5494,471,1734,0.085729887,0.315617037,-590,-118,475,-0.096975674,-0.200339559,0.377283558,4439,940,1411,1375,713,0.211759405,0.317864384,0.309754449,0.160621762,3927,280,1625,1036,986,0.071301248,0.413801884,0.263814617,0.251082251,-512,-660,214,-339,273,-0.115341293,-0.70212766,0.151665485,-0.246545455,0.382889201,2449,1747,548,31,61,22,40,0.713352389,0.223764802,0.012658228,0.024908126,0.008983258,0.016333197,1902,1286,271,24,106,27,188,0.676130389,0.142481598,0.012618297,0.05573081,0.014195584,0.098843323,-547,-461,-277,-7,45,5,148,-0.223356472,-0.263880939,-0.505474453,-0.225806452,0.737704918,0.227272727,3.7,2624,1102,737,315,204,254,12,0.419969512,0.280868902,0.120045732,0.077743902,0.09679878,0.004573171,2491,978,495,421,191,368,38,0.392613408,0.198715375,0.16900843,0.076676034,0.147731835,0.015254918,-133,-124,-242,106,-13,114,26,-0.050685976,-0.112522686,-0.328358209,0.336507937,-0.06372549,0.448818898,2.166666667,372,8,49,174,59,32,50,0.021505376,0.13172043,0.467741935,0.158602151,0.086021505,0.134408602,291,0,18,204,15,14,40,0,0.06185567,0.701030928,0.051546392,0.048109966,0.137457045,-81,-8,-31,30,-44,-18,-10,-0.217741935,-1,-0.632653061,0.172413793,-0.745762712,-0.5625,-0.2
36,Homewood North - Homewood West,neighborhood group,4224,3229,-995,-0.235558712,132,3970,0,28,94,0.03125,0.939867424,0,0.006628788,0.022253788,233,2911,0,59,26,0.072158563,0.901517498,0,0.018271911,0.008052028,101,-1059,0,31,-68,0.765151515,-0.26675063,NA,1.107142857,-0.723404255,11,0.002604167,15,0.004645401,4,0.363636364,109,0.025804924,59,0.018271911,-50,-0.458715596,1249,345,724,1099,807,0.295691288,0.081676136,0.171401515,0.260179924,0.191051136,790,212,759,670,798,0.244657789,0.065655002,0.235057293,0.20749458,0.247135336,-459,-133,35,-429,-9,-0.367493995,-0.385507246,0.048342541,-0.390354868,-0.011152416,3994,930,253,241,12,0.232849274,0.063345018,0.060340511,0.003004507,3166,724,148,131,17,0.228679722,0.046746684,0.041377132,0.005369551,-828,-206,-105,-110,5,-0.207310966,-0.221505376,-0.415019763,-0.456431535,0.416666667,168,0.039772727,97,0.03004026,-71,-0.422619048,4162,794,30,0,0.190773667,0.007208073,0,3222,192,17,0,0.059590317,0.005276226,0,-940,-602,-13,0,-0.225852955,-0.758186398,-0.433333333,NA,1881,1055,348,707,69,638,826,758,68,0.560871877,0.185007974,0.375863902,0.036682616,0.339181287,0.439128123,0.40297714,0.036150984,1371,739,292,447,61,386,632,621,11,0.539022611,0.212983224,0.326039387,0.044493071,0.281546317,0.460977389,0.452954048,0.008023341,-510,-316,-56,-260,-8,-252,-194,-137,-57,-0.271132376,-0.299526066,-0.16091954,-0.367751061,-0.115942029,-0.394984326,-0.234866828,-0.180738786,-0.838235294,2535,1881,654,0.742011834,0.257988166,2046,1371,675,0.670087977,0.329912023,-489,-510,21,-0.192899408,-0.271132376,0.032110092,1881,889,992,0.472620946,0.527379054,1371,589,782,0.429613421,0.570386579,-510,-300,-210,-0.271132376,-0.337457818,-0.211693548,3103,1577,1577,1244,333,0,1526,0.508217854,0.508217854,0.400902353,0.107315501,0,0.491782146,2467,1239,1239,1126,113,0,1228,0.502229428,0.502229428,0.456424807,0.045804621,0,0.497770572,-636,-338,-338,-118,-220,0,-298,-0.204962939,-0.214331008,-0.214331008,-0.094855305,-0.660660661,NA,-0.195281782,4222,925,1784,0.219090478,0.422548555,3180,542,1007,0.170440252,0.316666667,-1042,-383,-777,-0.246802463,-0.414054054,-0.435538117,2630,405,1093,847,285,0.153992395,0.415589354,0.322053232,0.108365019,2227,210,1123,519,375,0.094297261,0.504265828,0.233048945,0.168387966,-403,-195,30,-328,90,-0.153231939,-0.481481481,0.027447392,-0.387249115,0.315789474,1152,647,352,0,133,0,20,0.561631944,0.305555556,0,0.115451389,0,0.017361111,1098,810,202,0,64,4,18,0.737704918,0.183970856,0,0.058287796,0.003642987,0.016393443,-54,163,-150,0,-69,4,-2,-0.046875,0.251931994,-0.426136364,NA,-0.518796992,Inf,-0.1,1881,1134,388,243,31,85,0,0.602870813,0.206273259,0.129186603,0.016480595,0.045188729,0,1371,528,364,310,64,83,22,0.38512035,0.265499635,0.226112327,0.046681255,0.060539752,0.016046681,-510,-606,-24,67,33,-2,22,-0.271132376,-0.534391534,-0.06185567,0.275720165,1.064516129,-0.023529412,Inf,319,21,17,126,43,48,64,0.065830721,0.053291536,0.394984326,0.134796238,0.150470219,0.200626959,235,28,3,137,16,5,46,0.119148936,0.012765957,0.582978723,0.068085106,0.021276596,0.195744681,-84,7,-14,11,-27,-43,-18,-0.263322884,0.333333333,-0.823529412,0.087301587,-0.627906977,-0.895833333,-0.28125
43,Manchester-California-Kirkbride,neighborhood group,3086,3011,-75,-0.024303305,563,2384,35,13,91,0.182436811,0.772521063,0.011341542,0.004212573,0.02948801,882,1731,24,10,364,0.292925938,0.574892062,0.007970774,0.003321156,0.12089007,319,-653,-11,-3,273,0.56660746,-0.273909396,-0.314285714,-0.230769231,3,55,0.017822424,38,0.012620392,-17,-0.309090909,80,0.025923526,10,0.003321156,-70,-0.875,955,295,735,812,289,0.309462087,0.095593001,0.238172391,0.263123785,0.093648736,423,329,1057,834,368,0.140484889,0.109266025,0.351046164,0.276984391,0.122218532,-532,34,322,22,79,-0.557068063,0.115254237,0.438095238,0.027093596,0.273356401,2896,710,261,187,74,0.245165746,0.090124309,0.064571823,0.025552486,2936,389,249,249,0,0.132493188,0.084809264,0.084809264,0,40,-321,-12,62,-74,0.013812155,-0.452112676,-0.045977011,0.331550802,-1,77,0.024951393,41,0.013616739,-36,-0.467532468,2952,723,49,5,0.244918699,0.016598916,0.001693767,2996,578,175,11,0.192923899,0.058411215,0.003671562,44,-145,126,6,0.014905149,-0.20055325,2.571428571,1.2,1229,667,238,429,4,425,562,448,114,0.542717657,0.193653377,0.34906428,0.003254679,0.345809601,0.457282343,0.364524003,0.09275834,1515,675,451,224,92,132,840,671,169,0.445544554,0.297689769,0.147854785,0.060726073,0.087128713,0.554455446,0.44290429,0.111551155,286,8,213,-205,88,-293,278,223,55,0.23270952,0.011994003,0.894957983,-0.477855478,22,-0.689411765,0.494661922,0.497767857,0.48245614,1715,1229,486,0.716618076,0.283381924,1799,1515,284,0.842134519,0.157865481,84,286,-202,0.048979592,0.23270952,-0.41563786,1229,540,689,0.439381611,0.560618389,1515,585,930,0.386138614,0.613861386,286,45,241,0.23270952,0.083333333,0.349782293,2260,1256,1256,1063,193,0,1004,0.555752212,0.555752212,0.470353982,0.08539823,0,0.444247788,2609,1834,1834,1706,128,0,775,0.702951322,0.702951322,0.653890379,0.049060943,0,0.297048678,349,578,578,643,-65,0,-229,0.154424779,0.460191083,0.460191083,0.604891816,-0.336787565,NA,-0.228087649,3054,669,1028,0.219056974,0.336607728,3009,248,487,0.082419408,0.16184779,-45,-421,-541,-0.014734774,-0.629297459,-0.526264591,1836,215,584,720,317,0.117102397,0.318082789,0.392156863,0.172657952,2259,109,524,823,803,0.048251439,0.231961045,0.364320496,0.355467021,423,-106,-60,103,486,0.230392157,-0.493023256,-0.102739726,0.143055556,1.533123028,1043,427,438,38,48,40,52,0.409395973,0.419942474,0.036433365,0.046021093,0.038350911,0.049856184,1702,991,103,35,242,18,313,0.582256169,0.060517039,0.020564042,0.142185664,0.010575793,0.183901293,659,564,-335,-3,194,-22,261,0.631831256,1.320843091,-0.764840183,-0.078947368,4.041666667,-0.55,5.019230769,1229,559,323,117,88,118,24,0.454841334,0.262815297,0.095199349,0.071602929,0.096013019,0.019528072,1515,408,255,166,104,472,110,0.269306931,0.168316832,0.109570957,0.068646865,0.311551155,0.072607261,286,-151,-68,49,16,354,86,0.23270952,-0.270125224,-0.210526316,0.418803419,0.181818182,3,3.583333333,261,8,36,155,0,24,38,0.030651341,0.137931034,0.593869732,0,0.091954023,0.14559387,111,17,13,62,3,0,16,0.153153153,0.117117117,0.558558559,0.027027027,0,0.144144144,-150,9,-23,-93,3,-24,-22,-0.574712644,1.125,-0.638888889,-0.6,Inf,-1,-0.578947368
49,Northview Heights - Summer Hill,neighborhood group,2795,2996,201,0.071914132,1046,1663,0,0,86,0.374239714,0.594991055,0,0,0.030769231,990,1846,0,31,129,0.330440587,0.616154873,0,0.01034713,0.04305741,-56,183,0,31,43,-0.053537285,0.110042093,NA,Inf,0.5,0,0,0,0,0,NA,52,0.018604651,37,0.0123498,-15,-0.288461538,1121,264,643,484,283,0.401073345,0.094454383,0.230053667,0.173166369,0.101252236,1047,330,806,438,375,0.349465955,0.110146862,0.269025367,0.146194927,0.125166889,-74,66,163,-46,92,-0.066012489,0.25,0.253499222,-0.095041322,0.325088339,2583,708,140,114,26,0.274099884,0.054200542,0.044134727,0.010065815,2780,691,146,113,33,0.248561151,0.052517986,0.040647482,0.011870504,197,-17,6,-1,7,0.076267906,-0.024011299,0.042857143,-0.00877193,0.269230769,11,0.003935599,616,0.205607477,605,55,2739,399,0,0,0.145673604,0,0,2895,374,0,0,0.129188256,0,0,156,-25,0,0,0.056955093,-0.062656642,NA,NA,1016,695,249,446,56,390,321,250,71,0.684055118,0.24507874,0.438976378,0.05511811,0.383858268,0.315944882,0.246062992,0.06988189,1004,637,325,312,79,233,367,343,24,0.634462151,0.323705179,0.310756972,0.078685259,0.232071713,0.365537849,0.341633466,0.023904382,-12,-58,76,-134,23,-157,46,93,-47,-0.011811024,-0.083453237,0.305220884,-0.30044843,0.410714286,-0.402564103,0.143302181,0.372,-0.661971831,1268,1016,252,0.80126183,0.19873817,1051,1004,47,0.955280685,0.044719315,-217,-12,-205,-0.171135647,-0.011811024,-0.813492063,1016,384,632,0.377952756,0.622047244,1004,487,517,0.485059761,0.514940239,-12,103,-115,-0.011811024,0.268229167,-0.181962025,1746,1031,1031,789,242,0,715,0.590492554,0.590492554,0.451890034,0.13860252,0,0.409507446,1971,1000,1000,924,76,0,971,0.507356672,0.507356672,0.468797565,0.038559107,0,0.492643328,225,-31,-31,135,-166,0,256,0.128865979,-0.030067895,-0.030067895,0.171102662,-0.685950413,NA,0.358041958,2720,693,1261,0.254779412,0.463602941,2968,324,1259,0.10916442,0.424191375,248,-369,-2,0.091176471,-0.532467532,-0.001586043,1410,229,594,385,202,0.162411348,0.421276596,0.273049645,0.143262411,1619,194,645,427,353,0.119827054,0.39839407,0.263743051,0.218035825,209,-35,51,42,151,0.14822695,-0.152838428,0.085858586,0.109090909,0.747524752,730,482,184,9,20,0,35,0.660273973,0.252054795,0.012328767,0.02739726,0,0.047945205,893,683,134,0,9,0,67,0.764837626,0.150055991,0,0.010078387,0,0.075027996,163,201,-50,-9,-11,0,32,0.223287671,0.417012448,-0.27173913,-1,-0.55,NA,0.914285714,1016,517,183,162,93,47,14,0.508858268,0.18011811,0.159448819,0.091535433,0.046259843,0.013779528,1004,305,203,207,75,157,57,0.303784861,0.202191235,0.206175299,0.074701195,0.156374502,0.056772908,-12,-212,20,45,-18,110,43,-0.011811024,-0.410058027,0.109289617,0.277777778,-0.193548387,2.340425532,3.071428571,185,11,39,46,15,34,40,0.059459459,0.210810811,0.248648649,0.081081081,0.183783784,0.216216216,166,23,5,55,6,0,77,0.138554217,0.030120482,0.331325301,0.036144578,0,0.463855422,-19,12,-34,9,-9,-34,37,-0.102702703,1.090909091,-0.871794872,0.195652174,-0.6,-1,0.925
53,Point Breeze-RegentSquare,neighborhood group,6265,6335,70,0.011173184,5566,279,287,50,83,0.888427773,0.044533121,0.045810056,0.007980846,0.013248204,5272,299,230,217,317,0.832202052,0.047198106,0.036306235,0.034254144,0.050039463,-294,20,-57,167,234,-0.052820697,0.071684588,-0.198606272,3.34,2.819277108,46,0.007342378,24,0.003788477,-22,-0.47826087,164,0.026177175,215,0.033938437,51,0.31097561,1121,514,1764,1931,935,0.178930567,0.082043097,0.281564246,0.308220271,0.14924182,1106,374,1698,1719,1438,0.174585635,0.059037096,0.268034728,0.271349645,0.226992897,-15,-140,-66,-212,503,-0.01338091,-0.272373541,-0.037414966,-0.109787675,0.537967914,6002,834,669,381,288,0.138953682,0.111462846,0.06347884,0.047984005,6154,936,451,280,171,0.152096198,0.073285668,0.045498863,0.027786805,152,102,-218,-101,-117,0.025324892,0.122302158,-0.325859492,-0.265091864,-0.40625,594,0.09481245,665,0.104972376,71,0.11952862,6184,894,424,13,0.144566624,0.068564036,0.002102199,6268,620,247,100,0.098915124,0.039406509,0.015954052,84,-274,-177,87,0.013583441,-0.306487696,-0.41745283,6.692307692,2753,1653,1436,217,44,173,1100,844,256,0.600435888,0.521612786,0.078823102,0.015982564,0.062840538,0.399564112,0.306574646,0.092989466,2730,1658,1508,150,59,91,1072,849,223,0.607326007,0.552380952,0.054945055,0.021611722,0.033333333,0.392673993,0.310989011,0.081684982,-23,5,72,-67,15,-82,-28,5,-33,-0.008354522,0.003024803,0.050139276,-0.30875576,0.340909091,-0.473988439,-0.025454545,0.005924171,-0.12890625,2995,2753,242,0.919198664,0.080801336,2869,2730,139,0.951551063,0.048448937,-126,-23,-103,-0.042070117,-0.008354522,-0.425619835,2753,1943,810,0.705775518,0.294224482,2730,2053,677,0.752014652,0.247985348,-23,110,-133,-0.008354522,0.056613484,-0.164197531,5312,3644,3644,3527,117,0,1668,0.685993976,0.685993976,0.663968373,0.022025602,0,0.314006024,5291,3874,3874,3832,42,0,1417,0.732186732,0.732186732,0.724248724,0.007938008,0,0.267813268,-21,230,230,305,-75,0,-251,-0.003953313,0.063117453,0.063117453,0.086475758,-0.641025641,NA,-0.150479616,6228,234,445,0.037572254,0.071451509,6321,260,434,0.041132732,0.068660022,93,26,-11,0.014932563,0.111111111,-0.024719101,4630,185,436,640,3369,0.039956803,0.094168467,0.138228942,0.727645788,4855,12,387,451,4005,0.002471679,0.079711637,0.092893924,0.82492276,225,-173,-49,-189,636,0.048596112,-0.935135135,-0.112385321,-0.2953125,0.188780053,3410,2328,520,72,247,26,217,0.682697947,0.152492669,0.02111437,0.072434018,0.007624633,0.063636364,3764,2067,322,70,161,12,1132,0.549149841,0.08554729,0.018597237,0.042773645,0.003188098,0.300743889,354,-261,-198,-2,-86,-14,915,0.103812317,-0.112113402,-0.380769231,-0.027777778,-0.348178138,-0.538461538,4.216589862,2753,454,435,369,214,810,471,0.164911006,0.158009444,0.134035598,0.077733382,0.294224482,0.171086088,2730,254,229,275,232,850,890,0.093040293,0.083882784,0.100732601,0.084981685,0.311355311,0.326007326,-23,-200,-206,-94,18,40,419,-0.008354522,-0.440528634,-0.473563218,-0.254742547,0.08411215,0.049382716,0.889596603,326,46,17,64,38,47,114,0.141104294,0.052147239,0.196319018,0.116564417,0.144171779,0.349693252,247,84,27,67,22,0,47,0.340080972,0.109311741,0.271255061,0.089068826,0,0.190283401,-79,38,10,3,-16,-47,-67,-0.242331288,0.826086957,0.588235294,0.046875,-0.421052632,-1,-0.587719298
67,Terrace Village - West Oakland,neighborhood group,5014,4488,-526,-0.104906262,1993,2755,152,38,76,0.397487036,0.549461508,0.030315118,0.007578779,0.015157559,1866,1993,438,63,128,0.415775401,0.444073084,0.097593583,0.014037433,0.028520499,-127,-762,286,25,52,-0.063723031,-0.276588022,1.881578947,0.657894737,0.684210526,1680,0.335061827,1655,0.368761141,-25,-0.014880952,107,0.021340247,151,0.033645276,44,0.411214953,707,2317,964,727,299,0.141005185,0.462106103,0.192261667,0.144994017,0.059633028,499,2228,761,592,408,0.111185383,0.496434938,0.16956328,0.131907308,0.090909091,-208,-89,-203,-135,109,-0.294200849,-0.038411739,-0.210580913,-0.185694635,0.364548495,4841,545,2209,1916,293,0.112580045,0.45631068,0.395785995,0.060524685,4405,421,2289,2098,191,0.095573212,0.519636776,0.476276958,0.043359818,-436,-124,80,182,-102,-0.090064036,-0.227522936,0.036215482,0.094989562,-0.348122867,166,0.0331073,377,0.084001783,211,1.271084337,4924,1829,978,54,0.371445979,0.198619009,0.010966694,4420,1651,1057,58,0.373529412,0.239140271,0.013122172,-504,-178,79,4,-0.102355808,-0.09732094,0.080777096,0.074074074,1694,853,143,710,72,638,841,732,109,0.503541913,0.084415584,0.419126328,0.042502952,0.376623377,0.496458087,0.432113341,0.064344746,1439,468,126,342,58,284,971,711,260,0.325225851,0.087560806,0.237665045,0.040305768,0.197359277,0.674774149,0.49409312,0.180681028,-255,-385,-17,-368,-14,-354,130,-21,151,-0.150531287,-0.451348183,-0.118881119,-0.518309859,-0.194444444,-0.554858934,0.154577883,-0.028688525,1.385321101,2162,1694,468,0.783533765,0.216466235,1725,1439,286,0.834202899,0.165797101,-437,-255,-182,-0.20212766,-0.150531287,-0.388888889,1694,258,1436,0.152302243,0.847697757,1439,178,1261,0.123697012,0.876302988,-255,-80,-175,-0.150531287,-0.310077519,-0.121866295,4364,2042,2042,1680,362,0,2322,0.46791934,0.46791934,0.384967919,0.082951421,0,0.53208066,4046,1907,1907,1727,180,0,2139,0.471329708,0.471329708,0.426841325,0.044488384,0,0.528670292,-318,-135,-135,47,-182,0,-183,-0.072868928,-0.066111655,-0.066111655,0.02797619,-0.502762431,NA,-0.07881137,3405,751,1618,0.220558003,0.475183554,2882,945,1515,0.327897294,0.525676613,-523,194,-103,-0.153597651,0.258322237,-0.063658838,1990,309,581,660,440,0.155276382,0.291959799,0.331658291,0.221105528,1761,213,556,596,396,0.120954003,0.315729699,0.338444066,0.224872232,-229,-96,-25,-64,-44,-0.115075377,-0.310679612,-0.04302926,-0.096969697,-0.1,1571,469,546,4,451,42,59,0.298535964,0.347549332,0.002546149,0.287078294,0.026734564,0.037555697,1588,572,365,4,351,39,257,0.360201511,0.229848866,0.002518892,0.221032746,0.024559194,0.161838791,17,103,-181,0,-100,-3,198,0.010821133,0.219616205,-0.331501832,0,-0.22172949,-0.071428571,3.355932203,1694,1189,345,99,50,11,0,0.70188902,0.203659976,0.058441558,0.029515939,0.006493506,0,1439,921,253,145,52,46,22,0.640027797,0.175816539,0.10076442,0.036136206,0.031966644,0.015288395,-255,-268,-92,46,2,35,22,-0.150531287,-0.225399495,-0.266666667,0.464646465,0.04,3.181818182,Inf,64,0,0,34,10,10,10,0,0,0.53125,0.15625,0.15625,0.15625,108,22,0,52,0,0,34,0.203703704,0,0.481481481,0,0,0.314814815,44,22,0,18,-10,-10,24,0.6875,Inf,NA,0.529411765,-1,-1,2.4
68,Troy Hill - Spring Garden,neighborhood group,3546,3458,-88,-0.024816695,2845,549,24,0,128,0.802312465,0.154822335,0.00676819,0,0.036097011,2650,460,83,106,159,0.766338924,0.13302487,0.024002313,0.030653557,0.045980335,-195,-89,59,106,31,-0.068541301,-0.162112933,2.458333333,Inf,0.2421875,7,0.001974055,5,0.001445922,-2,-0.285714286,52,0.014664411,157,0.045401966,105,2.019230769,696,232,1027,1103,488,0.196277496,0.065425832,0.289622109,0.31105471,0.137619853,455,187,1494,896,426,0.131578947,0.054077501,0.432041643,0.259109312,0.123192597,-241,-45,467,-207,-62,-0.346264368,-0.193965517,0.454722493,-0.187669991,-0.12704918,3432,557,270,230,40,0.162296037,0.078671329,0.067016317,0.011655012,3356,298,151,102,49,0.088796186,0.044994041,0.030393325,0.014600715,-76,-259,-119,-128,9,-0.022144522,-0.464991023,-0.440740741,-0.556521739,0.225,24,0.00676819,209,0.06043956,185,7.708333333,3519,627,204,8,0.178175618,0.057971014,0.002273373,3420,591,200,102,0.172807018,0.058479532,0.029824561,-99,-36,-4,94,-0.028132992,-0.057416268,-0.019607843,11.75,1715,893,482,411,107,304,822,721,101,0.520699708,0.281049563,0.239650146,0.062390671,0.177259475,0.479300292,0.420408163,0.058892128,1765,811,528,283,86,197,954,833,121,0.459490085,0.299150142,0.160339943,0.048725212,0.111614731,0.540509915,0.471954674,0.068555241,50,-82,46,-128,-21,-107,132,112,20,0.029154519,-0.091825308,0.095435685,-0.311435523,-0.196261682,-0.351973684,0.160583942,0.155339806,0.198019802,2181,1715,466,0.786336543,0.213663457,2216,1765,451,0.796480144,0.203519856,35,50,-15,0.016047685,0.029154519,-0.032188841,1715,895,820,0.521865889,0.478134111,1765,829,936,0.469688385,0.530311615,50,-66,116,0.029154519,-0.073743017,0.141463415,2925,1895,1895,1741,154,0,1030,0.647863248,0.647863248,0.595213675,0.052649573,0,0.352136752,3056,2339,2339,2179,160,0,717,0.765379581,0.765379581,0.71302356,0.052356021,0,0.234620419,131,444,444,438,6,0,-313,0.044786325,0.234300792,0.234300792,0.251579552,0.038961039,NA,-0.303883495,3546,237,562,0.066835871,0.158488438,3458,147,409,0.042510121,0.11827646,-88,-90,-153,-0.024816695,-0.379746835,-0.272241993,2618,313,1141,655,509,0.119556914,0.435828877,0.250190985,0.194423224,2816,220,730,816,1050,0.078125,0.259232955,0.289772727,0.372869318,198,-93,-411,161,541,0.075630252,-0.297124601,-0.360210342,0.245801527,1.062868369,1634,1244,165,30,154,18,23,0.761321909,0.100979192,0.018359853,0.094247246,0.011015912,0.014075887,2106,1352,147,81,252,14,260,0.641975309,0.06980057,0.038461538,0.11965812,0.006647673,0.12345679,472,108,-18,51,98,-4,237,0.288861689,0.08681672,-0.109090909,1.7,0.636363636,-0.222222222,10.30434783,1715,591,541,235,136,117,95,0.344606414,0.315451895,0.137026239,0.079300292,0.068221574,0.055393586,1765,211,520,221,273,363,177,0.119546742,0.294617564,0.125212465,0.154674221,0.205665722,0.100283286,50,-380,-21,-14,137,246,82,0.029154519,-0.642978003,-0.038817006,-0.059574468,1.007352941,2.102564103,0.863157895,259,28,26,72,30,27,76,0.108108108,0.1003861,0.277992278,0.115830116,0.104247104,0.293436293,96,10,29,46,0,0,11,0.104166667,0.302083333,0.479166667,0,0,0.114583333,-163,-18,3,-26,-30,-27,-65,-0.629343629,-0.642857143,0.115384615,-0.361111111,-1,-1,-0.855263158
71,West End - Elliott,neighborhood group,2640,2712,72,0.027272727,1596,906,67,18,53,0.604545455,0.343181818,0.025378788,0.006818182,0.020075758,1711,698,14,0,289,0.630899705,0.257374631,0.005162242,0,0.106563422,115,-208,-53,-18,236,0.072055138,-0.229580574,-0.791044776,-1,4.452830189,0,0,0,0,0,NA,9,0.003409091,97,0.035766962,88,9.777777778,725,401,634,598,282,0.274621212,0.151893939,0.240151515,0.226515152,0.106818182,574,76,876,943,243,0.211651917,0.028023599,0.32300885,0.347713864,0.08960177,-151,-325,242,345,-39,-0.208275862,-0.810473815,0.38170347,0.576923077,-0.138297872,2630,697,239,221,18,0.265019011,0.090874525,0.084030418,0.006844106,2583,399,79,79,0,0.154471545,0.030584592,0.030584592,0,-47,-298,-160,-142,-18,-0.017870722,-0.427546628,-0.669456067,-0.642533937,-1,87,0.032954545,0,0,-87,-1,2640,411,0,0,0.155681818,0,0,2662,357,20,0,0.134109692,0.007513148,0,22,-54,20,0,0.008333333,-0.131386861,Inf,NA,1017,618,311,307,139,168,399,341,58,0.607669617,0.305801377,0.30186824,0.1366765,0.16519174,0.392330383,0.335299902,0.057030482,1385,675,302,373,88,285,710,665,45,0.487364621,0.218050542,0.269314079,0.063537906,0.205776173,0.512635379,0.480144404,0.032490975,368,57,-9,66,-51,117,311,324,-13,0.361848574,0.09223301,-0.028938907,0.214983713,-0.366906475,0.696428571,0.779448622,0.950146628,-0.224137931,1441,1017,424,0.705759889,0.294240111,1519,1385,134,0.911784068,0.088215932,78,368,-290,0.054129077,0.361848574,-0.683962264,1017,541,476,0.531956735,0.468043265,1385,701,684,0.506137184,0.493862816,368,160,208,0.361848574,0.295748614,0.43697479,2059,1370,1370,1141,229,0,689,0.66537154,0.66537154,0.554152501,0.111219038,0,0.33462846,2164,1591,1573,1478,95,18,573,0.735212569,0.72689464,0.682994455,0.043900185,0.00831793,0.264787431,105,221,203,337,-134,18,-116,0.050995629,0.161313869,0.148175182,0.295354952,-0.585152838,Inf,-0.168359942,2620,311,548,0.11870229,0.209160305,2692,278,486,0.103268945,0.180534918,72,-33,-62,0.027480916,-0.106109325,-0.113138686,1514,239,606,509,160,0.157859974,0.400264201,0.336195509,0.105680317,2062,142,864,743,313,0.068865179,0.419010669,0.360329777,0.151794374,548,-97,258,234,153,0.361955086,-0.405857741,0.425742574,0.459724951,0.95625,1132,827,268,0,19,12,6,0.730565371,0.236749117,0,0.016784452,0.010600707,0.005300353,1464,1185,95,0,26,0,158,0.80942623,0.06489071,0,0.017759563,0,0.107923497,332,358,-173,0,7,-12,152,0.293286219,0.432889964,-0.645522388,NA,0.368421053,-1,25.33333333,1017,433,308,140,85,51,0,0.425762045,0.302851524,0.137659784,0.083579154,0.050147493,0,1385,375,479,137,234,124,36,0.270758123,0.345848375,0.098916968,0.168953069,0.089530686,0.02599278,368,-58,171,-3,149,73,36,0.361848574,-0.133949192,0.555194805,-0.021428571,1.752941176,1.431372549,Inf,131,20,11,27,31,0,42,0.152671756,0.083969466,0.20610687,0.236641221,0,0.320610687,95,33,14,10,11,0,27,0.347368421,0.147368421,0.105263158,0.115789474,0,0.284210526,-36,13,3,-17,-20,0,-15,-0.27480916,0.65,0.272727273,-0.62962963,-0.64516129,NA,-0.357142857
72,Westwood - Ridgemont,neighborhood group,3387,3491,104,0.030705639,2892,75,266,17,137,0.853852967,0.02214349,0.078535577,0.005019191,0.040448775,2776,151,418,0,146,0.795187625,0.043254082,0.119736465,0,0.041821828,-116,76,152,-17,9,-0.04011065,1.013333333,0.571428571,-1,0.065693431,0,0,1,0.000286451,1,Inf,0,0,72,0.020624463,72,Inf,469,254,1045,1017,602,0.138470623,0.074992619,0.308532625,0.300265722,0.177738412,681,153,1175,941,541,0.195073045,0.043826984,0.336579777,0.269550272,0.154969923,212,-101,130,-76,-61,0.452025586,-0.397637795,0.124401914,-0.074729597,-0.101328904,3201,274,283,234,49,0.085598251,0.088409872,0.073102156,0.015307716,3320,446,99,78,21,0.134337349,0.029819277,0.023493976,0.006325301,119,172,-184,-156,-28,0.037175883,0.627737226,-0.650176678,-0.666666667,-0.571428571,367,0.108355477,409,0.117158407,42,0.114441417,3316,355,121,54,0.107056695,0.036489747,0.01628468,3366,157,14,0,0.0466429,0.004159239,0,50,-198,-107,-54,0.015078408,-0.557746479,-0.884297521,-1,1619,893,665,228,85,143,726,628,98,0.551575046,0.410747375,0.140827671,0.052501544,0.088326127,0.448424954,0.387893762,0.060531192,1628,744,467,277,95,182,884,693,191,0.457002457,0.286855037,0.17014742,0.058353808,0.111793612,0.542997543,0.425675676,0.117321867,9,-149,-198,49,10,39,158,65,93,0.005558987,-0.166853303,-0.297744361,0.214912281,0.117647059,0.272727273,0.217630854,0.103503185,0.948979592,1768,1619,149,0.915723982,0.084276018,1729,1628,101,0.941584731,0.058415269,-39,9,-48,-0.022058824,0.005558987,-0.322147651,1619,1132,487,0.699197035,0.300802965,1628,1229,399,0.754914005,0.245085995,9,97,-88,0.005558987,0.085689046,-0.180698152,2981,1932,1924,1800,124,8,1049,0.648104663,0.645421,0.60382422,0.04159678,0.002683663,0.351895337,2903,2045,2045,1927,118,0,858,0.704443679,0.704443679,0.663796073,0.040647606,0,0.295556321,-78,113,121,127,-6,-8,-191,-0.026165716,0.058488613,0.062889813,0.070555556,-0.048387097,-1,-0.18207817,3387,230,438,0.067906702,0.129317981,3491,52,193,0.014895445,0.055285019,104,-178,-245,0.030705639,-0.773913043,-0.559360731,2664,307,935,720,702,0.11524024,0.350975976,0.27027027,0.263513514,2657,332,685,757,883,0.124952954,0.25780956,0.284907791,0.332329695,-7,25,-250,37,181,-0.002627628,0.081433225,-0.267379679,0.051388889,0.257834758,1800,1436,201,0,115,0,48,0.797777778,0.111666667,0,0.063888889,0,0.026666667,1855,1334,156,0,17,153,195,0.719137466,0.084097035,0,0.00916442,0.082479784,0.105121294,55,-102,-45,0,-98,153,147,0.030555556,-0.071030641,-0.223880597,NA,-0.852173913,Inf,3.0625,1619,358,533,296,221,211,0,0.221124151,0.329215565,0.182828907,0.136504015,0.130327363,0,1628,172,399,400,252,386,19,0.105651106,0.245085995,0.245700246,0.154791155,0.237100737,0.011670762,9,-186,-134,104,31,175,19,0.005558987,-0.519553073,-0.251407129,0.351351351,0.140271493,0.829383886,Inf,376,144,34,60,64,52,22,0.382978723,0.090425532,0.159574468,0.170212766,0.138297872,0.058510638,228,21,41,76,21,0,69,0.092105263,0.179824561,0.333333333,0.092105263,0,0.302631579,-148,-123,7,16,-43,-52,47,-0.393617021,-0.854166667,0.205882353,0.266666667,-0.671875,-1,2.136363636
